data;id;command;
2021-10-18;320009669;/start
2021-10-18;320009669;/start
2021-10-18;320009669;usa
2021-10-18;320009669;/country
2021-10-18;320009669;usa
2021-10-18;320009669;/usa
2021-10-18;320009669;usa
2021-10-18;320009669;russia
2021-10-18;320009669;/country
2021-10-18;320009669;russia
2021-10-18;320009669;ukraine
2021-10-18;320009669;/country
2021-10-18;320009669;ukraine
2021-10-18;320009669;/help
2021-10-18;320009669;/statistics

2021-10-18;320009669;123  пользователи
2021-10-18;320009669;!123
2021-10-18;320009669;!123
2021-10-18;320009669;/help
2021-10-18;320009669;/start
2021-10-18;320009669;/start
2021-10-18;320009669;/country
2021-10-18;320009669;usa
2021-10-18;320009669;/statistics
2021-10-18;320009669;123 1 пользователи
2021-10-18;320009669;1 123 пользователи
2021-10-18;320009669;1 123 команды
2021-10-18;320009669;!1 123 команды
2021-10-18;320009669;!1 1 команды
2021-10-18;320009669;1 1 команды
2021-10-18;320009669;/start
2021-10-18;320009669;/start
2021-10-18;320009669;1 1 команды
2021-10-19;320009669;/start
2021-10-19;320009669;/start
2021-10-19;320009669;/country
2021-10-19;320009669;usa
2021-10-19;625147248;/start
2021-10-19;625147248;/start
2021-10-19;625147248;/help
2021-10-19;625147248;/country
2021-10-19;625147248;Usa
2021-10-19;625147248;/country
2021-10-19;625147248;Russia
2021-10-19;625147248;/statistics
2021-10-19;625147248;/statistics
2021-10-19;625147248;Usa
2021-10-19;625147248;/country
2021-10-19;625147248;Ukraine
2021-10-19;625147248;/statistics
2021-10-19;320009669;/country
2021-10-19;625147248;/country
2021-10-19;625147248;Ukraine
2021-10-19;625147248;/statistics
2021-10-19;625147248;/country
2021-10-19;625147248;Ukraine
2021-10-19;755790201;/start
2021-10-19;755790201;/start
2021-10-19;755790201;/country
2021-10-19;755790201;USA
2021-10-19;755790201;/statistics
2021-10-19;320009669;/country
2021-10-19;320009669;usa
2021-10-20;320009669;/start
2021-10-20;320009669;/start
2021-10-20;320009669;/statistics
2021-10-20;320009669;/country
2021-10-20;320009669;usa
2021-10-20;320009669;
2021-10-20;320009669;/contacts
2021-10-20;320009669;/contacts
2021-10-20;320009669;
2021-10-20;320009669;/contacts
2021-10-20;320009669;
2021-10-20;320009669;/contacts
2021-10-20;320009669;
2021-10-20;320009669;/contacts
2021-10-20;320009669;/country
2021-10-20;320009669;Ukraine
2021-10-20;320009669;/country
2021-10-20;320009669;Usa
2021-10-20;320009669;/start
2021-10-20;320009669;/start
2021-10-20;320009669;
2021-10-20;320009669;/statistics
2021-10-20;320009669;/start
2021-10-20;320009669;/start
2021-10-20;320009669;/country
2021-10-20;320009669;usa
2021-10-20;320009669;zxz.
2021-10-20;320009669;/country
2021-10-20;320009669;xzxzx
2021-10-20;320009669;zxzxzx
2021-10-20;320009669;/help
2021-10-20;320009669;/statistics
2021-10-20;320009669;xzx
2021-10-20;320009669;/statistics
2021-10-20;320009669;/help
2021-10-20;320009669;/country
2021-10-20;320009669;usa
2021-10-20;320009669;123
2021-10-20;320009669;/country
2021-10-20;320009669;1 1
2021-10-20;320009669;1
2021-10-20;320009669;13131313e
2021-10-20;320009669;/start
2021-10-20;320009669;/start
2021-10-20;320009669;
2021-10-20;320009669;/start
2021-10-20;320009669;/start
2021-10-20;320009669;/country
2021-10-20;320009669;Usa
2021-10-20;320009669;/help
2021-10-20;320009669;/statistics
2021-10-20;320009669;
2021-10-20;320009669;/helpcovid
2021-10-20;320009669;/helpcovid
2021-10-20;320009669;/helpcovid
2021-10-20;320009669;/contacts
2021-10-20;320009669;/start
2021-10-20;320009669;
2021-10-20;320009669;/start
2021-10-20;320009669;/start
2021-10-20;320009669;/start
2021-10-20;320009669;/start
2021-10-20;320009669;/start
2021-10-20;320009669;/start
2021-10-20;320009669;/start
2021-10-20;320009669;/country
2021-10-20;320009669;Usa
2021-10-20;641065347;/start
2021-10-20;641065347;/start
2021-10-20;641065347;/country
2021-10-20;641065347;/start
2021-10-20;641065347;/start
2021-10-20;641065347;/contacts
2021-10-20;641065347;/help
2021-10-20;641065347;/statistics
2021-10-20;320009669;
2021-10-20;641065347;/start
2021-10-20;641065347;/start
2021-10-20;641065347;
2021-10-20;335932868;/start
2021-10-20;335932868;/start
2021-10-20;335932868;
2021-10-20;625147248;
2021-10-20;320009669;/country
2021-10-20;320009669;Мроо
2021-10-20;625147248;/help
2021-10-20;625147248;/statistics
2021-10-20;625147248;Ffjdn
2021-10-20;625147248;/help
2021-10-20;625147248;/country
2021-10-20;625147248;Fffff
2021-10-20;625147248;/help
2021-10-20;625147248;/statistics
2021-10-20;625147248;/contacts
2021-10-20;625147248;/start
2021-10-20;625147248;/start
2021-10-20;625147248;/country
2021-10-20;625147248;Sav98
2021-10-20;625147248;Usa
2021-10-20;625147248;/country
2021-10-20;625147248;Usa
2021-10-20;625147248;/statistics
2021-10-20;625147248;/country
2021-10-20;625147248;Canada
2021-10-20;625147248;/country
2021-10-20;625147248;Rassia
2021-10-20;625147248;/country
2021-10-20;625147248;Russia
2021-10-20;625147248;/country
2021-10-20;625147248;Italy
2021-10-20;625147248;/help
2021-10-20;625147248;/statistics
2021-10-21;641065347;/start
2021-10-21;641065347;/start
2021-10-21;641065347;
2021-10-22;320009669;/country
2021-10-22;319226474;/start
2021-10-22;319226474;/country
2021-10-22;319226474;/start
2021-10-22;319226474;Украина
2021-10-22;319226474;/statistics
2021-10-22;319226474;/help
2021-10-22;319226474;/contacts
2021-10-22;320009669;/start
2021-10-22;320009669;/start
2021-10-22;320009669;
2021-10-22;319226474;/start
2021-10-22;319226474;/start
2021-10-22;319226474;/start
2021-10-22;319226474;/start
2021-10-22;319226474;/country
2021-10-22;319226474;Ukraine
2021-10-22;319226474;United States
2021-10-22;319226474;USA
2021-10-22;319226474;/country
2021-10-22;319226474;United States
2021-10-22;319226474;/statistics
2021-10-22;320009669;/statistics
2021-10-22;319226474;/country
2021-10-22;319226474;Russia
2021-10-22;319226474;/country
2021-10-22;319226474;France
2021-10-22;319226474;/country
2021-10-22;319226474;Spain
2021-10-22;319226474;/country
2021-10-22;319226474;Italy
2021-10-22;319226474;/statistics
2021-10-22;320009669;/statistics
2021-10-22;320009669;
2021-10-25;320009669;/start
2021-10-25;320009669;/start
2021-10-25;320009669;/country
2021-10-25;320009669;usa
2021-10-25;320009669;/country
2021-10-25;320009669;ukraine
2021-10-25;320009669;
2021-11-03;320009669;
2021-11-03;320009669;/start
2021-11-03;320009669;/start
2021-11-03;626487639;/start
2021-11-03;626487639;/start
2021-11-03;626487639;
2021-11-03;626487639;
2021-11-03;626487639;USA
2021-11-03;626487639;/help
2021-11-03;626487639;/country
2021-11-03;626487639;USA
2021-11-04;626487639;Start
2021-11-04;626487639;/help
2021-11-04;626487639;/country
2021-11-04;626487639;American
2021-11-04;626487639;/help
2021-11-04;626487639;/statistics
2021-11-04;626487639;Start
2021-11-04;626487639;/help
2021-11-04;626487639;/country
2021-11-04;626487639;Italy
2021-11-04;320009669;
2021-11-06;626487639;/start
2021-11-06;626487639;/start
2021-11-06;626487639;/country
2021-11-06;626487639;Ukraine
2021-11-06;626487639;/country
2021-11-06;626487639;Italy
2021-11-06;626487639;Ukraine
2021-11-06;626487639;/help
2021-11-06;626487639;/country
2021-11-06;626487639;France
2021-11-06;626487639;/country
2021-11-06;626487639;Germany
2021-11-06;626487639;/country
2021-11-06;626487639;Ukraine
2021-11-06;626487639;Spain
2021-11-06;626487639;/country
2021-11-06;626487639;Spain
2021-11-06;626487639;/country
2021-11-06;626487639;Germany
2021-11-06;626487639;/help
2021-11-06;626487639;/help
2021-11-06;626487639;/help
2021-11-06;626487639;/help
2021-11-06;626487639;/help
2021-11-06;626487639;/help
2021-11-06;626487639;/help
2021-11-06;626487639;/help
2021-11-06;626487639;/help
2021-11-06;626487639;/help
2021-11-06;626487639;/help
2021-11-06;626487639;/help
2021-11-06;626487639;/country
2021-11-06;626487639;Spain
2021-11-06;626487639;/country
2021-11-06;626487639;Kipr
2021-11-06;626487639;/help
2021-11-06;626487639;/country
2021-11-06;626487639;Greece
2021-11-06;626487639;/country
2021-11-06;626487639;Greece
2021-11-06;626487639;/country
2021-11-06;626487639;Ukraine
2021-11-06;626487639;/country
2021-11-06;626487639;Ukraine
2021-11-08;626487639;/country
2021-11-08;626487639;Poland
2021-11-08;320009669;/contacts
2021-11-08;626487639;/help
2021-11-08;626487639;Poland
2021-11-10;320009669;/start
2021-11-10;320009669;/start
2021-11-10;320009669;/country
2021-11-10;320009669;usa
2021-11-10;320009669;/start
2021-11-10;320009669;/start
2021-11-10;320009669;/start
2021-11-10;320009669;/start
2021-11-10;320009669;/start
2021-11-10;320009669;/help
2021-11-10;320009669;/help
2021-11-10;320009669;/start
2021-11-10;320009669;/start
2021-11-10;320009669;/start
2021-11-10;320009669;/start
2021-11-10;320009669;/start
2021-11-10;320009669;/start
2021-11-10;320009669;/start
2021-11-10;320009669;/start
2021-11-10;320009669;/start
2021-11-10;320009669;/start
2021-11-10;320009669;/start
2021-11-10;320009669;/start
2021-11-10;320009669;/start
2021-11-10;320009669;/start
2021-11-11;320009669;https://qna.habr.com/q/702122
2021-11-11;320009669;/start
2021-11-11;320009669;/start
2021-11-11;320009669;Какая средняя оценка была у Вас в школе?
2021-11-11;320009669;/start
2021-11-11;320009669;/start
2021-11-11;320009669;Какая средняя оценка была у Вас в школе?
2021-11-11;320009669;/start
2021-11-11;320009669;/start
2021-11-11;320009669;Какая средняя оценка была у Вас в школе?
2021-11-11;320009669;Какая средняя оценка была у Вас в школе?
2021-11-11;320009669;/start
2021-11-11;320009669;/start
2021-11-11;320009669;Какая средняя оценка была у Вас в школе?
2021-11-11;320009669;/start
2021-11-11;320009669;/start
2021-11-11;320009669;Какая средняя оценка была у Вас в школе?
2021-11-11;320009669;/start
2021-11-11;320009669;/start
2021-11-11;320009669;Какая средняя оценка была у Вас в школе?
2021-11-11;320009669;Какая средняя оценка была у Вас в школе?
2021-11-11;320009669;Какая средняя оценка была у Вас в школе?
2021-11-11;320009669;Какая средняя оценка была у Вас в школе?
2021-11-11;320009669;/start
2021-11-11;320009669;/start
2021-11-11;320009669;Какая средняя оценка была у Вас в школе?
2021-11-11;320009669;Какая средняя оценка была у Вас в школе?
2021-11-11;320009669;/contacts
2021-11-11;320009669;Какая средняя оценка была у Вас в школе?
2021-11-11;320009669;/start
2021-11-11;320009669;/start
2021-11-11;320009669;/start
2021-11-11;320009669;/start
2021-11-11;320009669;Какая средняя оценка была у Вас в школе?
2021-11-11;320009669;Какая средняя оценка была у Вас в школе?
2021-11-11;320009669;Какая средняя оценка была у Вас в школе?
2021-11-11;320009669;/start
2021-11-11;320009669;/start
2021-11-11;320009669;Какая средняя оценка была у Вас в школе?
2021-11-11;320009669;Какая средняя оценка была у Вас в школе?
2021-11-11;320009669;/start
2021-11-11;320009669;/start
2021-11-11;320009669;Какая средняя оценка была у Вас в школе?
2021-11-11;320009669;Какая средняя оценка была у Вас в школе?
2021-11-11;320009669;Какая средняя оценка была у Вас в школе?
2021-11-11;320009669;/start
2021-11-11;320009669;/start
2021-11-11;320009669;Какая средняя оценка была у Вас в школе?
2021-11-11;320009669;/start
2021-11-11;320009669;/start
2021-11-11;320009669;/start
2021-11-11;320009669;/start
2021-11-11;320009669;/start
2021-11-11;320009669;Првиет, sosluev, Виберите команду из меню
2021-11-11;320009669;Првиет, sosluev, Виберите команду из меню
2021-11-11;320009669;Првиет, sosluev, Виберите команду из меню
2021-11-11;320009669;/start
2021-11-11;320009669;Првиет, sosluev, Виберите команду из меню
2021-11-11;320009669;usa
2021-11-11;320009669;Првиет, sosluev, Виберите команду из меню
2021-11-11;320009669;/start
2021-11-11;320009669;Првиет, sosluev, Виберите команду из меню
2021-11-11;320009669;Првиет, sosluev, Виберите команду из меню
2021-11-11;320009669;/start
2021-11-11;320009669;Првиет, sosluev, Виберите команду из меню
2021-11-11;320009669;Првиет, sosluev, Виберите команду из меню
2021-11-11;320009669;Првиет, sosluev, Виберите команду из меню
2021-11-11;320009669;/start
2021-11-11;320009669;Првиет, sosluev, Виберите команду из меню
2021-11-11;320009669;Првиет, sosluev, Виберите команду из меню
2021-11-11;320009669;/start
2021-11-11;320009669;Првиет, sosluev, Виберите команду из меню
2021-11-11;320009669;Првиет, sosluev, Виберите команду из меню
2021-11-11;320009669;/start
2021-11-11;320009669;Првиет, sosluev, Виберите команду из меню
2021-11-11;320009669;Првиет, sosluev, Виберите команду из меню
2021-11-11;320009669;usa
2021-11-11;320009669;/start
2021-11-11;320009669;Првиет, sosluev, Виберите команду из меню
2021-11-11;320009669;Првиет, sosluev, Виберите команду из меню
2021-11-11;320009669;Првиет, sosluev, Виберите команду из меню
2021-11-11;320009669;Првиет, sosluev, Виберите команду из меню
2021-11-11;320009669;Првиет, sosluev, Виберите команду из меню
2021-11-11;320009669;Првиет, sosluev, Виберите команду из меню
2021-11-11;320009669;Првиет, sosluev, Виберите команду из меню
2021-11-11;320009669;Првиет, sosluev, Виберите команду из меню
2021-11-11;320009669;Првиет, sosluev, Виберите команду из меню
2021-11-11;320009669;Првиет, sosluev, Виберите команду из меню
2021-11-11;320009669;/start
2021-11-11;320009669;Првиет, sosluev, Виберите команду из меню
2021-11-11;320009669;/start
2021-11-11;320009669;Првиет, sosluev, Виберите команду из меню
2021-11-11;320009669;Првиет, sosluev, Виберите команду из меню
2021-11-11;320009669;Првиет, sosluev, Виберите команду из меню
2021-11-11;320009669;Првиет, sosluev, Виберите команду из меню
2021-11-11;320009669;Првиет, sosluev, Виберите команду из меню
2021-11-11;320009669;Првиет, sosluev, Виберите команду из меню
2021-11-11;320009669;Првиет, sosluev, Виберите команду из меню
2021-11-11;320009669;Првиет, sosluev, Виберите команду из меню
2021-11-11;320009669;Првиет, sosluev, Виберите команду из меню
2021-11-11;320009669;usa
2021-11-11;320009669;/start
2021-11-11;320009669;Првиет, sosluev, Виберите команду из меню
2021-11-11;320009669;Првиет, sosluev, Виберите команду из меню
2021-11-11;320009669;Првиет, sosluev, Виберите команду из меню
2021-11-11;320009669;Првиет, sosluev, Виберите команду из меню
2021-11-11;320009669;sosluev, напишите страну по которой нужна информация
2021-11-11;320009669;Првиет, sosluev, Виберите команду из меню
2021-11-11;320009669;Првиет, sosluev, Виберите команду из меню
2021-11-11;320009669;Првиет, sosluev, Виберите команду из меню
2021-11-11;320009669;sosluev, напишите страну по которой нужна информация
2021-11-11;320009669;Првиет, sosluev, Виберите команду из меню
2021-11-11;320009669;Првиет, sosluev, Виберите команду из меню
2021-11-11;320009669;Првиет, sosluev, Виберите команду из меню
2021-11-11;320009669;Првиет, sosluev, Виберите команду из меню
2021-11-11;320009669;sosluev, напишите страну по которой нужна информация
2021-11-11;320009669;Првиет, sosluev, Виберите команду из меню
2021-11-11;320009669;Првиет, sosluev, Виберите команду из меню
2021-11-11;320009669;Првиет, sosluev, Виберите команду из меню
2021-11-11;320009669;Првиет, sosluev, Виберите команду из меню
2021-11-11;320009669;Првиет, sosluev, Виберите команду из меню
2021-11-11;320009669;Првиет, sosluev, Виберите команду из меню
2021-11-11;320009669;Првиет, sosluev, Виберите команду из меню
2021-11-11;320009669;Првиет, sosluev, Виберите команду из меню
2021-11-11;320009669;Првиет, sosluev, Виберите команду из меню
2021-11-11;320009669;Првиет, sosluev, Виберите команду из меню
2021-11-11;320009669;Првиет, sosluev, Виберите команду из меню
2021-11-11;320009669;Првиет, sosluev, Виберите команду из меню
2021-11-11;320009669;Првиет, sosluev, Виберите команду из меню
2021-11-11;320009669;Првиет, sosluev, Виберите команду из меню
2021-11-11;320009669;Првиет, sosluev, Виберите команду из меню
2021-11-11;320009669;Првиет, sosluev, Виберите команду из меню
2021-11-11;320009669;sosluev, напишите страну по которой нужна информация
2021-11-11;320009669;Првиет, sosluev, Виберите команду из меню
2021-11-11;320009669;Првиет, sosluev, Виберите команду из меню
2021-11-11;320009669;sosluev, напишите страну по которой нужна информация
2021-11-11;320009669;/start
2021-11-11;320009669;Првиет, sosluev, Виберите команду из меню
2021-11-11;320009669;sosluev, напишите страну по которой нужна информация
2021-11-11;320009669;sosluev, напишите страну по которой нужна информация
2021-11-11;320009669;sosluev, напишите страну по которой нужна информация
2021-11-11;320009669;Првиет, sosluev, Виберите команду из меню
2021-11-11;320009669;Првиет, sosluev, Виберите команду из меню
2021-11-11;320009669;Првиет, sosluev, Виберите команду из меню
2021-11-11;320009669;Првиет, sosluev, Виберите команду из меню
2021-11-11;320009669;Првиет, sosluev, Виберите команду из меню
2021-11-11;320009669;sosluev, напишите страну по которой нужна информация
2021-11-11;320009669;Првиет, sosluev, Виберите команду из меню
2021-11-11;320009669;Првиет, sosluev, Виберите команду из меню
2021-11-11;320009669;sosluev, напишите страну по которой нужна информация
2021-11-11;320009669;Првиет, sosluev, Виберите команду из меню
2021-11-11;320009669;Првиет, sosluev, Виберите команду из меню
2021-11-11;320009669;sosluev, напишите страну по которой нужна информация
2021-11-11;320009669;usa
2021-11-11;320009669;/help
2021-11-11;320009669;/country
2021-11-11;320009669;usa
2021-11-11;320009669;usa
2021-11-11;320009669;Првиет, sosluev, Виберите команду из меню
2021-11-11;320009669;/start
2021-11-11;320009669;Првиет, sosluev, Виберите команду из меню
2021-11-11;320009669;/start
2021-11-11;320009669;Првиет, sosluev, Виберите команду из меню
2021-11-11;320009669;Првиет, sosluev, Виберите команду из меню
2021-11-11;320009669;/start
2021-11-11;320009669;Првиет, sosluev, Виберите команду из меню
2021-11-11;320009669;/start
2021-11-11;320009669;Првиет, sosluev, Виберите команду из меню
2021-11-11;320009669;Првиет, sosluev, Виберите команду из меню
2021-11-11;320009669;Првиет, sosluev, Виберите команду из меню
2021-11-11;320009669;usa
2021-11-11;320009669;Ukraine
2021-11-11;320009669;Првиет, sosluev, Виберите команду из меню
2021-11-11;320009669;Првиет, sosluev, Виберите команду из меню
2021-11-11;320009669;usa
2021-11-11;320009669;usa
2021-11-11;320009669;Првиет, sosluev, Виберите команду из меню
2021-11-11;320009669;Првиет, sosluev, Виберите команду из меню
2021-11-11;320009669;Првиет, sosluev, Виберите команду из меню
2021-11-11;320009669;Првиет, sosluev, Виберите команду из меню
2021-11-11;320009669;Првиет, sosluev, Виберите команду из меню
2021-11-11;320009669;Првиет, sosluev, Виберите команду из меню
2021-11-11;320009669;Првиет, sosluev, Виберите команду из меню
2021-11-11;320009669;Првиет, sosluev, Виберите команду из меню
2021-11-11;320009669;Првиет, sosluev, Виберите команду из меню
2021-11-11;626487639;/start
2021-11-11;626487639;Poland
2021-11-11;626487639;/help
2021-11-11;626487639;/country
2021-11-11;320009669;Првиет, sosluev, Виберите команду из меню
2021-11-11;320009669;Првиет, sosluev, Виберите команду из меню
2021-11-11;320009669;Првиет, sosluev, Виберите команду из меню
2021-11-11;320009669;Првиет, sosluev, Виберите команду из меню
2021-11-11;320009669;Првиет, sosluev, Виберите команду из меню
2021-11-11;320009669;Првиет, sosluev, Виберите команду из меню
2021-11-11;320009669;Првиет, sosluev, Виберите команду из меню
2021-11-11;320009669;Првиет, sosluev, Виберите команду из меню
2021-11-11;320009669;Првиет, sosluev, Виберите команду из меню
2021-11-11;320009669;Првиет, sosluev, Виберите команду из меню
2021-11-11;320009669;Првиет, sosluev, Виберите команду из меню
2021-11-11;320009669;Првиет, sosluev, Виберите команду из меню
2021-11-11;320009669;sosluev, напишите страну по которой нужна информация
2021-11-11;320009669;Првиет, sosluev, Виберите команду из меню
2021-11-11;320009669;Првиет, sosluev, Виберите команду из меню
2021-11-11;320009669;Првиет, sosluev, Виберите команду из меню
2021-11-11;320009669;Првиет, sosluev, Виберите команду из меню
2021-11-11;320009669;/start
2021-11-11;320009669;Првиет, sosluev, Виберите команду из меню
2021-11-11;320009669;Првиет, sosluev, Виберите команду из меню
2021-11-11;320009669;sosluev, напишите страну по которой нужна информация
2021-11-11;320009669;sosluev, напишите страну по которой нужна информация
2021-11-11;320009669;/start
2021-11-11;320009669;Првиет, sosluev, Виберите команду из меню
2021-11-11;320009669;Првиет, sosluev, Виберите команду из меню
2021-11-11;320009669;Првиет, sosluev, Виберите команду из меню
2021-11-11;320009669;sosluev, напишите страну по которой нужна информация
2021-11-11;320009669;sosluev, напишите страну по которой нужна информация
2021-11-11;320009669;/start
2021-11-11;320009669;/start
2021-11-11;320009669;Првиет, sosluev, Виберите команду из меню
2021-11-11;320009669;Првиет, sosluev, Виберите команду из меню
2021-11-11;320009669;Првиет, sosluev, Виберите команду из меню
2021-11-11;320009669;Првиет, sosluev, Виберите команду из меню
2021-11-11;320009669;Првиет, sosluev, Виберите команду из меню
2021-11-11;320009669;Првиет, sosluev, Виберите команду из меню
2021-11-11;320009669;Првиет, sosluev, Виберите команду из меню
2021-11-11;320009669;sosluev, напишите страну по которой нужна информация
2021-11-11;320009669;Првиет, sosluev, Виберите команду из меню
2021-11-11;320009669;Првиет, sosluev, Виберите команду из меню
2021-11-11;320009669;Првиет, sosluev, Виберите команду из меню
2021-11-11;320009669;Првиет, sosluev, Виберите команду из меню
2021-11-11;320009669;Првиет, sosluev, Виберите команду из меню
2021-11-11;320009669;Првиет, sosluev, Виберите команду из меню
2021-11-11;320009669;Првиет, sosluev, Виберите команду из меню
2021-11-11;320009669;/start
2021-11-11;320009669;Првиет, sosluev, Виберите команду из меню
2021-11-11;320009669;Првиет, sosluev, Виберите команду из меню
2021-11-11;320009669;Првиет, sosluev, Виберите команду из меню
2021-11-11;320009669;Првиет, sosluev, Виберите команду из меню
2021-11-11;320009669;sosluev, напишите страну по которой нужна информация
2021-11-11;320009669;Првиет, sosluev, Виберите команду из меню
2021-11-11;320009669;Првиет, sosluev, Виберите команду из меню
2021-11-11;320009669;sosluev, напишите страну по которой нужна информация
2021-11-11;320009669;/start
2021-11-11;320009669;Првиет, sosluev, Виберите команду из меню
2021-11-11;320009669;sosluev, напишите страну по которой нужна информация
2021-11-11;320009669;Првиет, sosluev, Виберите команду из меню
2021-11-11;320009669;usa
2021-11-11;320009669;/start
2021-11-11;320009669;Првиет, sosluev, Виберите команду из меню
2021-11-11;320009669;sosluev, напишите страну по которой нужна информация
2021-11-11;320009669;Првиет, sosluev, Виберите команду из меню
2021-11-11;320009669;usa
2021-11-11;320009669;Првиет, sosluev, Виберите команду из меню
2021-11-11;320009669;Првиет, sosluev, Виберите команду из меню
2021-11-11;320009669;/country
2021-11-11;320009669;usa
2021-11-11;320009669;Првиет, sosluev, Виберите команду из меню
2021-11-11;320009669;Првиет, sosluev, Виберите команду из меню
2021-11-11;320009669;Првиет, sosluev, Виберите команду из меню
2021-11-11;320009669;Првиет, sosluev, Виберите команду из меню
2021-11-11;320009669;Првиет, sosluev, Виберите команду из меню
2021-11-11;320009669;Првиет, sosluev, Виберите команду из меню
2021-11-11;320009669;sosluev, напишите страну по которой нужна информация
2021-11-11;320009669;sosluev, напишите страну по которой нужна информация
2021-11-11;320009669;
2021-11-11;320009669;Првиет, sosluev, Виберите команду из меню
2021-11-11;320009669;sosluev, напишите страну по которой нужна информация
2021-11-11;320009669;/statistics
2021-11-11;320009669;Првиет, sosluev, Виберите команду из меню
2021-11-11;320009669;/contacts
2021-11-11;320009669;/country
2021-11-11;320009669;sosluev, напишите страну по которой нужна информация
2021-11-11;320009669;sosluev, напишите страну по которой нужна информация
2021-11-11;320009669;/country
2021-11-11;320009669;Првиет, sosluev, Виберите команду из меню
2021-11-11;320009669;
2021-11-11;320009669;Првиет, sosluev, Виберите команду из меню
2021-11-11;320009669;Првиет, sosluev, Виберите команду из меню
2021-11-11;320009669;sosluev, напишите страну по которой нужна информация
2021-11-11;320009669;Првиет, sosluev, Виберите команду из меню
2021-11-11;320009669;Првиет, sosluev, Виберите команду из меню
2021-11-11;320009669;Првиет, sosluev, Виберите команду из меню
2021-11-11;320009669;sosluev, напишите страну по которой нужна информация
2021-11-12;320009669;Првиет, sosluev, Виберите команду из меню
2021-11-12;320009669;Првиет, sosluev, Виберите команду из меню
2021-11-12;320009669;sosluev, напишите страну по которой нужна информация
2021-11-12;320009669;Првиет, sosluev, Виберите команду из меню
2021-11-12;320009669;usa
2021-11-12;320009669;sosluev, напишите страну по которой нужна информация
2021-11-12;320009669;Првиет, sosluev, Виберите команду из меню
2021-11-12;320009669;Првиет, sosluev, Виберите команду из меню
2021-11-12;320009669;sosluev, напишите страну по которой нужна информация
2021-11-12;320009669;sosluev, напишите страну по которой нужна информация
2021-11-12;320009669;sosluev, напишите страну по которой нужна информация
2021-11-12;320009669;Првиет, sosluev, Виберите команду из меню
2021-11-12;320009669;Првиет, sosluev, Виберите команду из меню
2021-11-12;320009669;Првиет, sosluev, Виберите команду из меню
2021-11-12;320009669;Првиет, sosluev, Виберите команду из меню
2021-11-12;320009669;Првиет, sosluev, Виберите команду из меню
2021-11-12;320009669;sosluev, напишите страну по которой нужна информация
2021-11-12;320009669;sosluev, напишите страну по которой нужна информация
2021-11-12;320009669;sosluev, напишите страну по которой нужна информация
2021-11-12;320009669;Првиет, sosluev, Виберите команду из меню
2021-11-12;320009669;Првиет, sosluev, Виберите команду из меню
2021-11-12;320009669;Првиет, sosluev, Виберите команду из меню
2021-11-12;320009669;Првиет, sosluev, Виберите команду из меню
2021-11-12;320009669;Првиет, sosluev, Виберите команду из меню
2021-11-12;320009669;Првиет, sosluev, Виберите команду из меню
2021-11-12;320009669;sosluev, напишите страну по которой нужна информация
2021-11-12;320009669;Првиет, sosluev, Виберите команду из меню
2021-11-12;320009669;Europe
2021-11-12;320009669;Europe
2021-11-12;320009669;Првиет, sosluev, Виберите команду из меню
2021-11-12;320009669;Првиет, sosluev, Виберите команду из меню
2021-11-12;320009669;Првиет, sosluev, Виберите команду из меню
2021-11-12;320009669;Првиет, sosluev, Виберите команду из меню
2021-11-12;320009669;Првиет, sosluev, Виберите команду из меню
2021-11-12;320009669;Првиет, sosluev, Виберите команду из меню
2021-11-12;320009669;Првиет, sosluev, Виберите команду из меню
2021-11-12;320009669;Првиет, sosluev, Виберите команду из меню
2021-11-12;320009669;Првиет, sosluev, Виберите команду из меню
2021-11-12;320009669;Првиет, sosluev, Виберите команду из меню
2021-11-12;320009669;Првиет, sosluev, Виберите команду из меню
2021-11-12;320009669;sosluev, напишите страну по которой нужна информация
2021-11-12;320009669;sosluev, напишите страну по которой нужна информация
2021-11-12;320009669;Првиет, sosluev, Виберите команду из меню
2021-11-12;320009669;Првиет, sosluev, Виберите команду из меню
2021-11-12;320009669;sosluev, напишите страну по которой нужна информация
2021-11-12;320009669;Првиет, sosluev, Виберите команду из меню
2021-11-12;320009669;Првиет, sosluev, Виберите команду из меню
2021-11-12;320009669;Првиет, sosluev, Виберите команду из меню
2021-11-12;320009669;Првиет, sosluev, Виберите команду из меню
2021-11-12;320009669;Првиет, sosluev, Виберите команду из меню
2021-11-12;320009669;Првиет, sosluev, Виберите команду из меню
2021-11-12;320009669;Првиет, sosluev, Виберите команду из меню
2021-11-12;320009669;Првиет, sosluev, Виберите команду из меню
2021-11-12;320009669;Првиет, sosluev, Виберите команду из меню
2021-11-12;320009669;/start
2021-11-12;320009669;Првиет, sosluev, Виберите команду из меню
2021-11-12;320009669;Првиет, sosluev, Виберите команду из меню
2021-11-12;320009669;Првиет, sosluev, Виберите команду из меню
2021-11-12;320009669;Првиет, sosluev, Виберите команду из меню
2021-11-12;320009669;Првиет, sosluev, Виберите команду из меню
2021-11-12;320009669;Првиет, sosluev, Виберите команду из меню
2021-11-12;320009669;sosluev, напишите страну по которой нужна информация
2021-11-12;320009669;sosluev, напишите страну по которой нужна информация
2021-11-12;320009669;Првиет, sosluev, Виберите команду из меню
2021-11-12;320009669;Првиет, sosluev, Виберите команду из меню
2021-11-12;320009669;Првиет, sosluev, Виберите команду из меню
2021-11-12;320009669;sosluev, напишите страну по которой нужна информация
2021-11-12;320009669;/country
2021-11-12;320009669;Usa
2021-11-12;320009669;Usa
2021-11-12;320009669;sosluev, напишите страну по которой нужна информация
2021-11-12;320009669;sosluev, напишите страну по которой нужна информация
2021-11-12;320009669;/statistics
2021-11-12;320009669;Првиет, sosluev, Виберите команду из меню
2021-11-12;320009669;Првиет, sosluev, Виберите команду из меню
2021-11-15;320009669;sosluev, Виберіть країну Европи зі списку по якій потрібна інформація
2021-11-15;320009669;Првиет, sosluev, Виберите команду из меню
2021-11-15;320009669;Првиет, sosluev, Виберите команду из меню
2021-11-15;320009669;/help
2021-11-15;320009669;/contacts
2021-11-15;320009669;/country
2021-11-15;320009669;/country
2021-11-15;320009669;Првиет, sosluev, Виберите команду из меню
2021-11-15;320009669;sosluev, Виберіть локацію зі списку по якій потрібна інформація
2021-11-15;320009669;sosluev, Виберіть країну Европи зі списку по якій потрібна інформація
2021-11-15;1008076533;/start
2021-11-15;1008076533;Првиет, asya2601_01, Виберите команду из меню
2021-11-15;320009669;sosluev, Виберіть країну Европи зі списку по якій потрібна інформація
2021-11-15;320009669;Првиет, sosluev, Виберите команду из меню
2021-11-15;320009669;sosluev, Виберіть локацію зі списку по якій потрібна інформація
2021-11-15;320009669;sosluev, Виберіть країну Азії зі списку по якій потрібна інформація
2021-11-15;320009669;sosluev, Виберіть країну Азії зі списку по якій потрібна інформація
2021-11-15;320009669;sosluev, Виберіть країну Азії зі списку по якій потрібна інформація
2021-11-15;320009669;sosluev, Виберіть країну Азії зі списку по якій потрібна інформація
2021-11-15;2087817328;None, Виберіть країну Европи зі списку по якій потрібна інформація
2021-11-15;320009669;sosluev, Виберіть країну Азії зі списку по якій потрібна інформація
2021-11-15;320009669;sosluev, Виберіть країну Азії зі списку по якій потрібна інформація
2021-11-15;320009669;/help
2021-11-15;320009669;/start
2021-11-15;320009669;Првиет, sosluev, Виберите команду из меню
2021-11-15;320009669;sosluev, Виберіть локацію зі списку по якій потрібна інформація
2021-11-15;320009669;sosluev, Виберіть країну Азії зі списку по якій потрібна інформація
2021-11-15;1008076533;Првиет, asya2601_01, Виберите команду из меню
2021-11-15;1008076533;asya2601_01, Виберіть локацію зі списку по якій потрібна інформація
2021-11-15;1008076533;asya2601_01, Виберіть країну зі списку по якій потрібна інформація
2021-11-15;320009669;Првиет, sosluev, Виберите команду из меню
2021-11-15;320009669;sosluev, Виберіть локацію зі списку по якій потрібна інформація
2021-11-15;320009669;sosluev, Виберіть країну Европи зі списку по якій потрібна інформація
2021-11-15;320009669;sosluev, Виберіть країну Европи зі списку по якій потрібна інформація
2021-11-15;320009669;sosluev, Виберіть країну Европи зі списку по якій потрібна інформація
2021-11-15;1008076533;asya2601_01, Виберіть країну зі списку по якій потрібна інформація
2021-11-15;320009669;/start
2021-11-15;320009669;Првиет, sosluev, Виберите команду из меню
2021-11-15;320009669;/nostatistics
2021-11-15;320009669;Првиет, sosluev, Виберите команду из меню
2021-11-15;320009669;sosluev, Виберіть локацію зі списку по якій потрібна інформація
2021-11-15;320009669;sosluev, Виберіть країну зі списку по якій потрібна інформація
2021-11-15;335932868;/start
2021-11-15;335932868;Првиет, itsdarrii, Виберите команду из меню
2021-11-15;335932868;itsdarrii, Виберіть локацію зі списку по якій потрібна інформація
2021-11-15;335932868;itsdarrii, Виберіть країну Европи зі списку по якій потрібна інформація
2021-11-15;335932868;Првиет, itsdarrii, Виберите команду из меню
2021-11-15;625147248;/start
2021-11-15;335932868;
2021-11-15;625147248;/start
2021-11-15;625147248;Првиет, DangerDeveloperWeb, Виберите команду из меню
2021-11-15;878255462;None, Виберіть країну Африки зі списку по якій потрібна інформація
2021-11-15;625147248;Првиет, DangerDeveloperWeb, Виберите команду из меню
2021-11-15;878255462;None, Виберіть країну Африки зі списку по якій потрібна інформація
2021-11-15;625147248;DangerDeveloperWeb, Виберіть локацію зі списку по якій потрібна інформація
2021-11-15;625147248;DangerDeveloperWeb, Виберіть країну зі списку по якій потрібна інформація
2021-11-15;625147248;DangerDeveloperWeb, Виберіть країну зі списку по якій потрібна інформація
2021-11-15;625147248;DangerDeveloperWeb, Виберіть країну зі списку по якій потрібна інформація
2021-11-15;878255462;None, Виберіть країну зі списку по якій потрібна інформація
2021-11-15;625147248;DangerDeveloperWeb, Виберіть країну зі списку по якій потрібна інформація
2021-11-15;625147248;DangerDeveloperWeb, Виберіть країну зі списку по якій потрібна інформація
2021-11-15;625147248;DangerDeveloperWeb, Виберіть локацію зі списку по якій потрібна інформація
2021-11-15;625147248;DangerDeveloperWeb, Виберіть країну Азії зі списку по якій потрібна інформація
2021-11-15;625147248;DangerDeveloperWeb, Виберіть країну Азії зі списку по якій потрібна інформація
2021-11-15;625147248;DangerDeveloperWeb, Виберіть країну Азії зі списку по якій потрібна інформація
2021-11-15;625147248;DangerDeveloperWeb, Виберіть країну Азії зі списку по якій потрібна інформація
2021-11-15;625147248;DangerDeveloperWeb, Виберіть країну Азії зі списку по якій потрібна інформація
2021-11-15;625147248;DangerDeveloperWeb, Виберіть країну Азії зі списку по якій потрібна інформація
2021-11-15;625147248;DangerDeveloperWeb, Виберіть країну Азії зі списку по якій потрібна інформація
2021-11-15;625147248;DangerDeveloperWeb, Виберіть країну Азії зі списку по якій потрібна інформація
2021-11-15;625147248;DangerDeveloperWeb, Виберіть країну Азії зі списку по якій потрібна інформація
2021-11-15;625147248;DangerDeveloperWeb, Виберіть країну Азії зі списку по якій потрібна інформація
2021-11-15;625147248;DangerDeveloperWeb, Виберіть країну Азії зі списку по якій потрібна інформація
2021-11-15;625147248;DangerDeveloperWeb, Виберіть країну Азії зі списку по якій потрібна інформація
2021-11-15;625147248;DangerDeveloperWeb, Виберіть локацію зі списку по якій потрібна інформація
2021-11-15;625147248;DangerDeveloperWeb, Виберіть країну зі списку по якій потрібна інформація
2021-11-15;625147248;DangerDeveloperWeb, Виберіть країну зі списку по якій потрібна інформація
2021-11-15;625147248;DangerDeveloperWeb, Виберіть країну зі списку по якій потрібна інформація
2021-11-15;625147248;DangerDeveloperWeb, Виберіть країну зі списку по якій потрібна інформація
2021-11-15;625147248;Првиет, DangerDeveloperWeb, Виберите команду из меню
2021-11-15;625147248;DangerDeveloperWeb, Виберіть країну зі списку по якій потрібна інформація
2021-11-15;625147248;DangerDeveloperWeb, Виберіть країну зі списку по якій потрібна інформація
2021-11-15;625147248;DangerDeveloperWeb, Виберіть країну зі списку по якій потрібна інформація
2021-11-15;625147248;DangerDeveloperWeb, Виберіть країну зі списку по якій потрібна інформація
2021-11-15;625147248;DangerDeveloperWeb, Виберіть країну зі списку по якій потрібна інформація
2021-11-15;625147248;Првиет, DangerDeveloperWeb, Виберите команду из меню
2021-11-15;625147248;Првиет, DangerDeveloperWeb, Виберите команду из меню
2021-11-15;625147248;
2021-11-15;625147248;DangerDeveloperWeb, Виберіть країну зі списку по якій потрібна інформація
2021-11-15;625147248;DangerDeveloperWeb, Виберіть країну зі списку по якій потрібна інформація
2021-11-15;625147248;DangerDeveloperWeb, Виберіть країну зі списку по якій потрібна інформація
2021-11-15;625147248;DangerDeveloperWeb, Виберіть країну зі списку по якій потрібна інформація
2021-11-15;625147248;DangerDeveloperWeb, Виберіть країну зі списку по якій потрібна інформація
2021-11-15;625147248;DangerDeveloperWeb, Виберіть країну Азії зі списку по якій потрібна інформація
2021-11-15;625147248;DangerDeveloperWeb, Виберіть країну Азії зі списку по якій потрібна інформація
2021-11-15;625147248;DangerDeveloperWeb, Виберіть країну Азії зі списку по якій потрібна інформація
2021-11-15;625147248;DangerDeveloperWeb, Виберіть країну Азії зі списку по якій потрібна інформація
2021-11-15;625147248;DangerDeveloperWeb, Виберіть країну Азії зі списку по якій потрібна інформація
2021-11-15;625147248;DangerDeveloperWeb, Виберіть країну Азії зі списку по якій потрібна інформація
2021-11-15;625147248;DangerDeveloperWeb, Виберіть країну Азії зі списку по якій потрібна інформація
2021-11-15;625147248;DangerDeveloperWeb, Виберіть країну Азії зі списку по якій потрібна інформація
2021-11-15;625147248;DangerDeveloperWeb, Виберіть країну Азії зі списку по якій потрібна інформація
2021-11-15;625147248;DangerDeveloperWeb, Виберіть країну Азії зі списку по якій потрібна інформація
2021-11-15;625147248;Првиет, DangerDeveloperWeb, Виберите команду из меню
2021-11-15;625147248;
2021-11-15;625147248;Првиет, DangerDeveloperWeb, Виберите команду из меню
2021-11-15;335932868;Првиет, itsdarrii, Виберите команду из меню
2021-11-15;320009669;/nostatistics
2021-11-15;320009669;/start
2021-11-15;320009669;Првиет, sosluev, Виберите команду из меню
2021-11-15;335932868;itsdarrii, Виберіть країну Европи зі списку по якій потрібна інформація
2021-11-15;335932868;itsdarrii, Виберіть країну Европи зі списку по якій потрібна інформація
2021-11-15;755790201;/start
2021-11-15;335932868;itsdarrii, Виберіть країну Европи зі списку по якій потрібна інформація
2021-11-15;335932868;itsdarrii, Виберіть країну Европи зі списку по якій потрібна інформація
2021-11-15;335932868;itsdarrii, Виберіть країну Европи зі списку по якій потрібна інформація
2021-11-15;335932868;itsdarrii, Виберіть країну Европи зі списку по якій потрібна інформація
2021-11-15;335932868;itsdarrii, Виберіть країну Европи зі списку по якій потрібна інформація
2021-11-15;335932868;itsdarrii, Виберіть країну Европи зі списку по якій потрібна інформація
2021-11-15;320009669;Првиет, sosluev, Виберите команду из меню
2021-11-15;335932868;itsdarrii, Виберіть країну Европи зі списку по якій потрібна інформація
2021-11-15;335932868;itsdarrii, Виберіть країну Европи зі списку по якій потрібна інформація
2021-11-15;335932868;itsdarrii, Виберіть країну Европи зі списку по якій потрібна інформація
2021-11-15;335932868;itsdarrii, Виберіть країну Европи зі списку по якій потрібна інформація
2021-11-15;755790201;Првиет, natashka_bulash, Виберите команду из меню
2021-11-15;335932868;itsdarrii, Виберіть країну Европи зі списку по якій потрібна інформація
2021-11-15;320009669;Оо
2021-11-15;755790201;Првиет, natashka_bulash, Виберите команду из меню
2021-11-15;755790201;Првиет, natashka_bulash, Виберите команду из меню
2021-11-15;755790201;natashka_bulash, Виберіть локацію зі списку по якій потрібна інформація
2021-11-15;335932868;itsdarrii, Виберіть локацію зі списку по якій потрібна інформація
2021-11-15;335932868;itsdarrii, Виберіть локацію зі списку по якій потрібна інформація
2021-11-15;755790201;natashka_bulash, Виберіть країну Европи зі списку по якій потрібна інформація
2021-11-15;755790201;natashka_bulash, Виберіть країну Европи зі списку по якій потрібна інформація
2021-11-15;320009669;Првиет, sosluev, Виберите команду из меню
2021-11-15;320009669;Првиет, sosluev, Виберите команду из меню
2021-11-15;320009669;Првиет, sosluev, Виберите команду из меню
2021-11-15;320009669;sosluev, Виберіть локацію зі списку по якій потрібна інформація
2021-11-15;320009669;/start
2021-11-15;320009669;Привет, sosluev, Виберите команду из меню
2021-11-15;320009669;Привет, sosluev, Виберите команду из меню
2021-11-15;320009669;sosluev, Виберіть локацію зі списку по якій потрібна інформація
2021-11-15;320009669;sosluev, Виберіть країну Европи зі списку по якій потрібна інформація
2021-11-15;320009669;sosluev, Виберіть країну Европи зі списку по якій потрібна інформація
2021-11-15;320009669;sosluev, Виберіть країну Европи зі списку по якій потрібна інформація
2021-11-15;320009669;sosluev, Виберіть країну Европи зі списку по якій потрібна інформація
2021-11-15;320009669;sosluev, Виберіть країну Европи зі списку по якій потрібна інформація
2021-11-15;320009669;sosluev, Виберіть країну Европи зі списку по якій потрібна інформація
2021-11-15;320009669;sosluev, Виберіть країну Европи зі списку по якій потрібна інформація
2021-11-15;320009669;sosluev, Виберіть країну Европи зі списку по якій потрібна інформація
2021-11-15;320009669;sosluev, Виберіть країну Европи зі списку по якій потрібна інформація
2021-11-15;320009669;Привет, sosluev, Виберите команду из меню
2021-11-15;320009669;sosluev, Виберіть країну Европи зі списку по якій потрібна інформація
2021-11-15;320009669;sosluev, Виберіть країну Европи зі списку по якій потрібна інформація
2021-11-15;320009669;sosluev, Виберіть країну Европи зі списку по якій потрібна інформація
2021-11-15;320009669;sosluev, Виберіть країну Европи зі списку по якій потрібна інформація
2021-11-15;320009669;sosluev, Виберіть локацію зі списку по якій потрібна інформація
2021-11-15;320009669;sosluev, Виберіть країну Азії зі списку по якій потрібна інформація
2021-11-15;320009669;sosluev, Виберіть країну Азії зі списку по якій потрібна інформація
2021-11-15;320009669;sosluev, Виберіть країну Азії зі списку по якій потрібна інформація
2021-11-15;320009669;sosluev, Виберіть країну Азії зі списку по якій потрібна інформація
2021-11-15;320009669;sosluev, Виберіть країну Азії зі списку по якій потрібна інформація
2021-11-15;320009669;sosluev, Виберіть країну Азії зі списку по якій потрібна інформація
2021-11-15;320009669;sosluev, Виберіть країну Азії зі списку по якій потрібна інформація
2021-11-15;320009669;sosluev, Виберіть країну Азії зі списку по якій потрібна інформація
2021-11-15;320009669;sosluev, Виберіть країну Азії зі списку по якій потрібна інформація
2021-11-15;320009669;sosluev, Виберіть країну Азії зі списку по якій потрібна інформація
2021-11-15;320009669;sosluev, Виберіть країну Азії зі списку по якій потрібна інформація
2021-11-15;320009669;sosluev, Виберіть країну Азії зі списку по якій потрібна інформація
2021-11-15;320009669;/іефке
2021-11-15;320009669;/help
2021-11-15;320009669;/statistics
2021-11-15;320009669;/statistics
2021-11-15;320009669;/statistics
2021-11-15;526144807;None, Виберіть країну Европи зі списку по якій потрібна інформація
2021-11-15;526144807;Првиет, None, Виберите команду из меню
2021-11-15;526144807;None, Виберіть країну Европи зі списку по якій потрібна інформація
2021-11-15;320009669;/statistics
2021-11-15;320009669;/statistics
2021-11-15;320009669;/statistics
2021-11-15;320009669;/statistics
2021-11-15;320009669;
2021-11-15;320009669;sosluev, Виберіть країну Азії зі списку по якій потрібна інформація
2021-11-15;320009669;sosluev, Виберіть країну Азії зі списку по якій потрібна інформація
2021-11-15;320009669;sosluev, Виберіть країну Азії зі списку по якій потрібна інформація
2021-11-15;320009669;sosluev, Виберіть країну Азії зі списку по якій потрібна інформація
2021-11-15;320009669;sosluev, Виберіть країну Азії зі списку по якій потрібна інформація
2021-11-15;320009669;sosluev, Виберіть країну Европи зі списку по якій потрібна інформація
2021-11-15;320009669;sosluev, Виберіть країну Европи зі списку по якій потрібна інформація
2021-11-15;320009669;sosluev, Виберіть країну Европи зі списку по якій потрібна інформація
2021-11-15;320009669;sosluev, Виберіть країну Европи зі списку по якій потрібна інформація
2021-11-15;320009669;sosluev, Виберіть країну Европи зі списку по якій потрібна інформація
2021-11-15;320009669;sosluev, Виберіть країну Европи зі списку по якій потрібна інформація
2021-11-15;320009669;sosluev, Виберіть країну Европи зі списку по якій потрібна інформація
2021-11-15;320009669;sosluev, Виберіть країну Европи зі списку по якій потрібна інформація
2021-11-15;320009669;sosluev, Виберіть країну Европи зі списку по якій потрібна інформація
2021-11-15;320009669;sosluev, Виберіть країну Европи зі списку по якій потрібна інформація
2021-11-15;320009669;sosluev, Виберіть країну Европи зі списку по якій потрібна інформація
2021-11-15;320009669;sosluev, Виберіть країну Европи зі списку по якій потрібна інформація
2021-11-15;320009669;sosluev, Виберіть країну Европи зі списку по якій потрібна інформація
2021-11-15;320009669;sosluev, Виберіть країну Европи зі списку по якій потрібна інформація
2021-11-15;320009669;sosluev, Виберіть країну Европи зі списку по якій потрібна інформація
2021-11-15;320009669;/statistics
2021-11-15;320009669;/statistics
2021-11-15;320009669;/statistics
2021-11-15;320009669;/statistics
2021-11-15;320009669;/start
2021-11-15;320009669;Привет, sosluev, Виберите команду из меню
2021-11-15;320009669;sosluev, Виберіть локацію зі списку по якій потрібна інформація
2021-11-15;320009669;sosluev, Виберіть країну Европи зі списку по якій потрібна інформація
2021-11-15;320009669;sosluev, Виберіть країну Европи зі списку по якій потрібна інформація
2021-11-15;641065347;/start
2021-11-15;641065347;Привет, Viktor1aViktorovna, Виберите команду из меню
2021-11-15;641065347;Привет, Viktor1aViktorovna, Виберите команду из меню
2021-11-15;641065347;Привет, Viktor1aViktorovna, Виберите команду из меню
2021-11-15;641065347;Viktor1aViktorovna, Виберіть локацію зі списку по якій потрібна інформація
2021-11-15;641065347;Viktor1aViktorovna, Виберіть країну Европи зі списку по якій потрібна інформація
2021-11-15;641065347;Привет, Viktor1aViktorovna, Виберите команду из меню
2021-11-15;641065347;Привет, Viktor1aViktorovna, Виберите команду из меню
2021-11-15;320009669;/statistics
2021-11-15;320009669;/statistics
2021-11-15;641065347;Viktor1aViktorovna, Виберіть країну Европи зі списку по якій потрібна інформація
2021-11-15;641065347;Viktor1aViktorovna, Виберіть країну Европи зі списку по якій потрібна інформація
2021-11-15;641065347;Viktor1aViktorovna, Виберіть країну Европи зі списку по якій потрібна інформація
2021-11-15;641065347;Viktor1aViktorovna, Виберіть країну Европи зі списку по якій потрібна інформація
2021-11-15;320009669;/statistics
2021-11-15;320009669;/statistics
2021-11-15;320009669;/statistics
2021-11-15;320009669;sosluev, Виберіть країну Европи зі списку по якій потрібна інформація
2021-11-15;320009669;Привет, sosluev, Виберите команду из меню
2021-11-15;320009669;sosluev, Виберіть локацію зі списку по якій потрібна інформація
2021-11-15;320009669;sosluev, Виберіть локацію зі списку по якій потрібна інформація
2021-11-15;320009669;sosluev, Виберіть країну Европи зі списку по якій потрібна інформація
2021-11-15;320009669;sosluev, Виберіть локацію зі списку по якій потрібна інформація
2021-11-15;320009669;sosluev, Виберіть країну Африки зі списку по якій потрібна інформація
2021-11-15;320009669;sosluev, Виберіть країну Африки зі списку по якій потрібна інформація
2021-11-15;320009669;/statistics
2021-11-15;320009669;sosluev, Виберіть країну Африки зі списку по якій потрібна інформація
2021-11-15;320009669;sosluev, Виберіть країну Африки зі списку по якій потрібна інформація
2021-11-15;320009669;sosluev, Виберіть країну Африки зі списку по якій потрібна інформація
2021-11-15;320009669;sosluev, Виберіть країну Африки зі списку по якій потрібна інформація
2021-11-15;320009669;sosluev, Виберіть країну Африки зі списку по якій потрібна інформація
2021-11-15;320009669;sosluev, Виберіть країну Африки зі списку по якій потрібна інформація
2021-11-15;320009669;sosluev, Виберіть країну Африки зі списку по якій потрібна інформація
2021-11-15;320009669;sosluev, Виберіть країну Африки зі списку по якій потрібна інформація
2021-11-15;320009669;sosluev, Виберіть локацію зі списку по якій потрібна інформація
2021-11-15;320009669;sosluev, Виберіть країну зі списку по якій потрібна інформація
2021-11-15;320009669;sosluev, Виберіть країну зі списку по якій потрібна інформація
2021-11-15;320009669;sosluev, Виберіть країну зі списку по якій потрібна інформація
2021-11-15;320009669;sosluev, Виберіть країну зі списку по якій потрібна інформація
2021-11-15;320009669;sosluev, Виберіть країну зі списку по якій потрібна інформація
2021-11-15;320009669;sosluev, Виберіть країну зі списку по якій потрібна інформація
2021-11-15;320009669;sosluev, Виберіть країну зі списку по якій потрібна інформація
2021-11-15;320009669;sosluev, Виберіть країну зі списку по якій потрібна інформація
2021-11-15;320009669;sosluev, Виберіть країну зі списку по якій потрібна інформація
2021-11-15;320009669;sosluev, Виберіть країну зі списку по якій потрібна інформація
2021-11-15;320009669;/statistics
2021-11-15;320009669;/start
2021-11-15;320009669;Привет, sosluev, Виберите команду из меню
2021-11-15;320009669;Привет, sosluev, Виберите команду из меню
2021-11-15;320009669;Привет, sosluev, Виберите команду из меню
2021-11-15;320009669;/statistics
2021-11-15;320009669;/statistics
2021-11-15;320009669;/statistics
2021-11-15;320009669;/statistics
2021-11-15;320009669;/statistics
2021-11-15;320009669;/statistics
2021-11-15;320009669;/statistics
2021-11-15;320009669;/statistics
2021-11-15;625147248;DangerDeveloperWeb, Виберіть країну зі списку по якій потрібна інформація
2021-11-15;625147248;DangerDeveloperWeb, Виберіть країну зі списку по якій потрібна інформація
2021-11-15;625147248;DangerDeveloperWeb, Виберіть країну зі списку по якій потрібна інформація
2021-11-15;625147248;DangerDeveloperWeb, Виберіть країну зі списку по якій потрібна інформація
2021-11-15;625147248;DangerDeveloperWeb, Виберіть країну зі списку по якій потрібна інформація
2021-11-15;625147248;DangerDeveloperWeb, Виберіть країну зі списку по якій потрібна інформація
2021-11-15;625147248;DangerDeveloperWeb, Виберіть країну зі списку по якій потрібна інформація
2021-11-15;625147248;DangerDeveloperWeb, Виберіть країну зі списку по якій потрібна інформація
2021-11-15;625147248;DangerDeveloperWeb, Виберіть країну зі списку по якій потрібна інформація
2021-11-15;625147248;DangerDeveloperWeb, Виберіть країну зі списку по якій потрібна інформація
2021-11-15;625147248;DangerDeveloperWeb, Виберіть країну зі списку по якій потрібна інформація
2021-11-15;625147248;DangerDeveloperWeb, Виберіть країну зі списку по якій потрібна інформація
2021-11-15;625147248;DangerDeveloperWeb, Виберіть країну зі списку по якій потрібна інформація
2021-11-15;625147248;DangerDeveloperWeb, Виберіть країну зі списку по якій потрібна інформація
2021-11-15;625147248;DangerDeveloperWeb, Виберіть країну зі списку по якій потрібна інформація
2021-11-15;625147248;DangerDeveloperWeb, Виберіть країну зі списку по якій потрібна інформація
2021-11-15;625147248;DangerDeveloperWeb, Виберіть країну зі списку по якій потрібна інформація
2021-11-15;625147248;DangerDeveloperWeb, Виберіть країну зі списку по якій потрібна інформація
2021-11-15;625147248;DangerDeveloperWeb, Виберіть країну зі списку по якій потрібна інформація
2021-11-15;625147248;DangerDeveloperWeb, Виберіть країну зі списку по якій потрібна інформація
2021-11-15;625147248;DangerDeveloperWeb, Виберіть локацію зі списку по якій потрібна інформація
2021-11-15;625147248;None, Виберіть країну Европи зі списку по якій потрібна інформація
2021-11-15;625147248;None, Виберіть країну Европи зі списку по якій потрібна інформація
2021-11-15;625147248;None, Виберіть країну Европи зі списку по якій потрібна інформація
2021-11-15;625147248;None, Виберіть країну Европи зі списку по якій потрібна інформація
2021-11-15;625147248;None, Виберіть країну Европи зі списку по якій потрібна інформація
2021-11-15;625147248;None, Виберіть країну Европи зі списку по якій потрібна інформація
2021-11-15;625147248;None, Виберіть країну Европи зі списку по якій потрібна інформація
2021-11-15;625147248;None, Виберіть країну Европи зі списку по якій потрібна інформація
2021-11-15;625147248;None, Виберіть країну Европи зі списку по якій потрібна інформація
2021-11-15;625147248;None, Виберіть країну Европи зі списку по якій потрібна інформація
2021-11-15;625147248;None, Виберіть країну Европи зі списку по якій потрібна інформація
2021-11-15;625147248;None, Виберіть країну Европи зі списку по якій потрібна інформація
2021-11-15;625147248;None, Виберіть країну Европи зі списку по якій потрібна інформація
2021-11-15;625147248;None, Виберіть країну Европи зі списку по якій потрібна інформація
2021-11-15;625147248;None, Виберіть країну Европи зі списку по якій потрібна інформація
2021-11-15;625147248;None, Виберіть країну Европи зі списку по якій потрібна інформація
2021-11-15;625147248;None, Виберіть країну Европи зі списку по якій потрібна інформація
2021-11-15;625147248;None, Виберіть країну Европи зі списку по якій потрібна інформація
2021-11-15;625147248;None, Виберіть країну Европи зі списку по якій потрібна інформація
2021-11-15;625147248;None, Виберіть країну Европи зі списку по якій потрібна інформація
2021-11-15;625147248;None, Виберіть країну Европи зі списку по якій потрібна інформація
2021-11-15;625147248;None, Виберіть країну Европи зі списку по якій потрібна інформація
2021-11-15;625147248;None, Виберіть країну Европи зі списку по якій потрібна інформація
2021-11-15;625147248;None, Виберіть країну Европи зі списку по якій потрібна інформація
2021-11-15;625147248;None, Виберіть країну Европи зі списку по якій потрібна інформація
2021-11-15;625147248;Првиет, DangerDeveloperWeb, Виберите команду из меню
2021-11-15;625147248;None, Виберіть країну Европи зі списку по якій потрібна інформація
2021-11-15;625147248;None, Виберіть країну Европи зі списку по якій потрібна інформація
2021-11-15;625147248;None, Виберіть країну Европи зі списку по якій потрібна інформація
2021-11-15;625147248;None, Виберіть країну Европи зі списку по якій потрібна інформація
2021-11-15;625147248;None, Виберіть країну Европи зі списку по якій потрібна інформація
2021-11-15;625147248;None, Виберіть країну Европи зі списку по якій потрібна інформація
2021-11-15;625147248;None, Виберіть країну Европи зі списку по якій потрібна інформація
2021-11-15;625147248;None, Виберіть країну Европи зі списку по якій потрібна інформація
2021-11-15;625147248;None, Виберіть країну Европи зі списку по якій потрібна інформація
2021-11-15;625147248;None, Виберіть країну Европи зі списку по якій потрібна інформація
2021-11-15;625147248;None, Виберіть країну Европи зі списку по якій потрібна інформація
2021-11-15;625147248;None, Виберіть країну Европи зі списку по якій потрібна інформація
2021-11-15;625147248;None, Виберіть країну Европи зі списку по якій потрібна інформація
2021-11-15;625147248;None, Виберіть країну Европи зі списку по якій потрібна інформація
2021-11-15;625147248;None, Виберіть країну Европи зі списку по якій потрібна інформація
2021-11-15;320009669;/statistics
2021-11-15;320009669;/statistics
2021-11-15;320009669;/statistics
2021-11-15;320009669;/statistics
2021-11-16;320009669;/statistics
2021-11-16;320009669;/statistics
2021-11-16;320009669;
2021-11-16;320009669;sosluev, напишите страну по которой нужна информация
2021-11-16;320009669;/statistics
2021-11-16;320009669;/statistics
2021-11-16;320009669;
2021-11-16;320009669;/statistics
2021-11-16;320009669;sosluev, Виберіть країну зі списку по якій потрібна інформація
2021-11-16;320009669;/statistics
2021-11-16;320009669;Привет, sosluev, Виберите команду из меню
2021-11-16;320009669;sosluev, Виберіть локацію зі списку по якій потрібна інформація
2021-11-16;320009669;sosluev, Виберіть локацію зі списку по якій потрібна інформація
2021-11-16;320009669;sosluev, Виберіть країну Азії зі списку по якій потрібна інформація
2021-11-16;320009669;sosluev, Виберіть локацію зі списку по якій потрібна інформація
2021-11-16;320009669;sosluev, Виберіть країну Европи зі списку по якій потрібна інформація
2021-11-16;320009669;sosluev, Виберіть країну Европи зі списку по якій потрібна інформація
2021-11-16;320009669;sosluev, Виберіть країну Европи зі списку по якій потрібна інформація
2021-11-16;320009669;sosluev, Виберіть країну Европи зі списку по якій потрібна інформація
2021-11-16;320009669;sosluev, Виберіть країну Европи зі списку по якій потрібна інформація
2021-11-16;320009669;sosluev, Виберіть країну Европи зі списку по якій потрібна інформація
2021-11-16;320009669;sosluev, Виберіть країну Европи зі списку по якій потрібна інформація
2021-11-16;320009669;sosluev, Виберіть країну Европи зі списку по якій потрібна інформація
2021-11-16;320009669;/statistics
2021-11-16;2087817328;None, Виберіть країну Европи зі списку по якій потрібна інформація
2021-11-16;320009669;sosluev, Виберіть локацію зі списку по якій потрібна інформація
2021-11-16;320009669;sosluev, Виберіть країну Африки зі списку по якій потрібна інформація
2021-11-16;320009669;sosluev, Виберіть країну Африки зі списку по якій потрібна інформація
2021-11-16;320009669;sosluev, Виберіть країну Африки зі списку по якій потрібна інформація
2021-11-16;320009669;/statistics
2021-11-16;2087817328;None, Виберіть країну Европи зі списку по якій потрібна інформація
2021-11-16;320009669;/statistics
2021-11-16;320009669;/statistics
2021-11-16;320009669;sosluev, Виберіть країну Европи зі списку по якій потрібна інформація
2021-11-16;320009669;/country
2021-11-16;320009669;rassia
2021-11-16;320009669;/country
2021-11-16;320009669;russia
2021-11-16;320009669;russia
2021-11-16;320009669;/start
2021-11-16;320009669;Првиет, sosluev, Виберите команду из меню
2021-11-16;320009669;sosluev, Виберіть локацію зі списку по якій потрібна інформація
2021-11-16;320009669;sosluev, Виберіть країну Европи зі списку по якій потрібна інформація
2021-11-16;320009669;sosluev, Виберіть країну Европи зі списку по якій потрібна інформація
2021-11-16;1008076533;asya2601_01, Виберіть країну зі списку по якій потрібна інформація
2021-11-16;320009669;Првиет, sosluev, Виберите команду из меню
2021-11-16;320009669;Првиет, sosluev, Виберите команду из меню
2021-11-16;320009669;Првиет, sosluev, Виберите команду из меню
2021-11-16;320009669;Првиет, sosluev, Виберите команду из меню
2021-11-16;320009669;sosluev, Виберіть локацію зі списку по якій потрібна інформація
2021-11-16;320009669;sosluev, Виберіть локацію зі списку по якій потрібна інформація
2021-11-16;320009669;sosluev, Виберіть країну Азії зі списку по якій потрібна інформація
2021-11-16;320009669;/start
2021-11-16;320009669;Првиет, sosluev, Виберите команду из меню
2021-11-16;320009669;Првиет, sosluev, Виберите команду из меню
2021-11-16;320009669;Првиет, sosluev, Виберите команду из меню
2021-11-16;320009669;
2021-11-16;320009669;Првиет, sosluev, Виберите команду из меню
2021-11-16;320009669;Првиет, sosluev, Виберите команду из меню
2021-11-16;320009669;sosluev, Виберіть локацію зі списку по якій потрібна інформація
2021-11-16;320009669;sosluev, Виберіть локацію зі списку по якій потрібна інформація
2021-11-16;320009669;sosluev, Виберіть країну Азії зі списку по якій потрібна інформація
2021-11-16;320009669;sosluev, Виберіть локацію зі списку по якій потрібна інформація
2021-11-16;320009669;sosluev, Виберіть країну Африки зі списку по якій потрібна інформація
2021-11-16;320009669;sosluev, Виберіть країну Африки зі списку по якій потрібна інформація
2021-11-16;320009669;/start
2021-11-16;320009669;Првиет, sosluev, Виберите команду из меню
2021-11-16;320009669;sosluev, Виберіть локацію зі списку по якій потрібна інформація
2021-11-16;320009669;sosluev, Виберіть локацію зі списку по якій потрібна інформація
2021-11-16;320009669;Првиет, sosluev, Виберите команду из меню
2021-11-16;320009669;sosluev, Виберіть локацію зі списку по якій потрібна інформація
2021-11-16;320009669;sosluev, Виберіть країну зі списку по якій потрібна інформація
2021-11-16;320009669;sosluev, Виберіть локацію зі списку по якій потрібна інформація
2021-11-16;320009669;sosluev, Виберіть країну Европи зі списку по якій потрібна інформація
2021-11-16;320009669;Првиет, sosluev, Виберите команду из меню
2021-11-16;320009669;Првиет, sosluev, Виберите команду из меню
2021-11-16;320009669;/start
2021-11-16;320009669;Првиет, sosluev, Виберите команду из меню
2021-11-16;573314766;/start
2021-11-16;573314766;Првиет, None, Виберите команду из меню
2021-11-16;573314766;Првиет, None, Виберите команду из меню
2021-11-16;573314766;None, Виберіть локацію зі списку по якій потрібна інформація
2021-11-16;573314766;None, Виберіть локацію зі списку по якій потрібна інформація
2021-11-16;573314766;None, Виберіть країну Европи зі списку по якій потрібна інформація
2021-11-16;573314766;None, Виберіть країну Европи зі списку по якій потрібна інформація
2021-11-16;573314766;Првиет, None, Виберите команду из меню
2021-11-16;573314766;Првиет, None, Виберите команду из меню
2021-11-16;2087817328;Првиет, None, Виберите команду из меню
2021-11-16;2087817328;Првиет, None, Виберите команду из меню
2021-11-16;2087817328;Првиет, None, Виберите команду из меню
2021-11-16;2087817328;Првиет, None, Виберите команду из меню
2021-11-16;2087817328;Првиет, None, Виберите команду из меню
2021-11-16;2087817328;Првиет, None, Виберите команду из меню
2021-11-16;2087817328;Првиет, None, Виберите команду из меню
2021-11-16;2087817328;None, Виберіть країну Европи зі списку по якій потрібна інформація
2021-11-16;2087817328;Првиет, None, Виберите команду из меню
2021-11-16;320009669;
2021-11-16;320009669;
2021-11-16;320009669;/start
2021-11-16;320009669;Првиет, sosluev, Виберите команду из меню
2021-11-16;320009669;Првиет, sosluev, Виберите команду из меню
2021-11-16;320009669;Првиет, sosluev, Виберите команду из меню
2021-11-16;320009669;
2021-11-16;320009669;
2021-11-16;320009669;Првиет, sosluev, Виберите команду из меню
2021-11-16;2087817328;Првиет, None, Виберите команду из меню
2021-11-16;2087817328;Првиет, None, Виберите команду из меню
2021-11-16;2087817328;Првиет, None, Виберите команду из меню
2021-11-16;2087817328;Првиет, None, Виберите команду из меню
2021-11-16;2087817328;Првиет, None, Виберите команду из меню
2021-11-16;2087817328;None, Виберіть країну Европи зі списку по якій потрібна інформація
2021-11-16;2087817328;Првиет, None, Виберите команду из меню
2021-11-16;2087817328;Пишет выберите Катманду с меню
2021-11-16;320009669;
2021-11-16;586714858;/start
2021-11-16;586714858;Првиет, o_ansty, Виберите команду из меню
2021-11-16;586714858;Првиет, o_ansty, Виберите команду из меню
2021-11-16;586714858;o_ansty, Виберіть локацію зі списку по якій потрібна інформація
2021-11-16;586714858;o_ansty, Виберіть країну Европи зі списку по якій потрібна інформація
2021-11-16;586714858;o_ansty, Виберіть країну Европи зі списку по якій потрібна інформація
2021-11-16;586714858;Првиет, o_ansty, Виберите команду из меню
2021-11-16;1008076533;asya2601_01, Виберіть країну зі списку по якій потрібна інформація
2021-11-16;320009669;Првиет, sosluev, Виберите команду из меню
2021-11-16;320009669;
2021-11-16;320009669;Првиет, sosluev, Виберите команду из меню
2021-11-16;320009669;Првиет, sosluev, Виберите команду из меню
2021-11-16;320009669;Првиет, sosluev, Виберите команду из меню
2021-11-16;320009669;sosluev, Виберіть локацію зі списку по якій потрібна інформація
2021-11-16;320009669;sosluev, Виберіть локацію зі списку по якій потрібна інформація
2021-11-16;320009669;Првиет, sosluev, Виберите команду из меню
2021-11-16;320009669;Првиет, sosluev, Виберите команду из меню
2021-11-16;320009669;sosluev, Виберіть локацію зі списку по якій потрібна інформація
2021-11-16;320009669;Првиет, sosluev, Виберите команду из меню
2021-11-16;320009669;Првиет, sosluev, Виберите команду из меню
2021-11-16;320009669;Првиет, sosluev, Виберите команду из меню
2021-11-16;320009669;Првиет, sosluev, Виберите команду из меню
2021-11-16;320009669;sosluev, Виберіть локацію зі списку по якій потрібна інформація
2021-11-16;320009669;sosluev, Виберіть країну Азії зі списку по якій потрібна інформація
2021-11-16;320009669;sosluev, Виберіть локацію зі списку по якій потрібна інформація
2021-11-16;320009669;sosluev, Виберіть країну Европи зі списку по якій потрібна інформація
2021-11-16;320009669;sosluev, Виберіть країну Европи зі списку по якій потрібна інформація
2021-11-16;320009669;sosluev, Виберіть країну Азії зі списку по якій потрібна інформація
2021-11-16;320009669;/country
2021-11-16;320009669;Ukraine
2021-11-16;320009669;Usa
2021-11-16;320009669;/country
2021-11-16;320009669;Usa
2021-11-16;320009669;sosluev, Виберіть країну Европи зі списку по якій потрібна інформація
2021-11-16;320009669;Првиет, sosluev, Виберите команду из меню
2021-11-16;320009669;sosluev, Виберіть країну Европи зі списку по якій потрібна інформація
2021-11-16;320009669;Првиет, sosluev, Виберите команду из меню
2021-11-16;320009669;sosluev, Виберіть локацію зі списку по якій потрібна інформація
2021-11-16;320009669;Првиет, sosluev, Виберите команду из меню
2021-11-16;320009669;sosluev, Виберіть країну зі списку по якій потрібна інформація
2021-11-16;320009669;sosluev, Виберіть локацію зі списку по якій потрібна інформація
2021-11-16;320009669;Првиет, sosluev, Виберите команду из меню
2021-11-16;320009669;Првиет, sosluev, Виберите команду из меню
2021-11-16;320009669;sosluev, Виберіть локацію зі списку по якій потрібна інформація
2021-11-16;320009669;sosluev, Виберіть країну Азії зі списку по якій потрібна інформація
2021-11-16;320009669;Првиет, sosluev, Виберите команду из меню
2021-11-16;320009669;/start
2021-11-16;320009669;Првиет, sosluev, Виберите команду из меню
2021-11-16;320009669;sosluev, Виберіть локацію зі списку по якій потрібна інформація
2021-11-16;320009669;sosluev, Виберіть країну Азії зі списку по якій потрібна інформація
2021-11-16;320009669;Првиет, sosluev, Виберите команду из меню
2021-11-16;320009669;Првиет, sosluev, Виберите команду из меню
2021-11-16;320009669;Првиет, sosluev, Виберите команду из меню
2021-11-16;320009669;sosluev, Виберіть країну Азії зі списку по якій потрібна інформація
2021-11-16;320009669;sosluev, Виберіть локацію зі списку по якій потрібна інформація
2021-11-16;320009669;sosluev, Виберіть країну Америки зі списку по якій потрібна інформація
2021-11-16;320009669;sosluev, Виберіть країну Америки зі списку по якій потрібна інформація
2021-11-16;320009669;sosluev, Виберіть країну Америки зі списку по якій потрібна інформація
2021-11-16;320009669;sosluev, Виберіть країну Америки зі списку по якій потрібна інформація
2021-11-16;320009669;sosluev, Виберіть країну Америки зі списку по якій потрібна інформація
2021-11-16;320009669;sosluev, Виберіть країну Америки зі списку по якій потрібна інформація
2021-11-16;320009669;sosluev, Виберіть країну Америки зі списку по якій потрібна інформація
2021-11-16;320009669;Првиет, sosluev, Виберите команду из меню
2021-11-17;320009669;sosluev, Виберіть локацію зі списку по якій потрібна інформація
2021-11-17;320009669;Првиет, sosluev, Виберите команду из меню
2021-11-17;320009669;Првиет, sosluev, Виберите команду из меню
2021-11-17;320009669;/start
2021-11-17;320009669;Првиет, sosluev, Виберите команду из меню
2021-11-17;320009669;Првиет, sosluev, Виберите команду из меню
2021-11-17;320009669;Првиет, sosluev, Виберите команду из меню
2021-11-17;320009669;Првиет, sosluev, Виберите команду из меню
2021-11-17;320009669;Првиет, sosluev, Виберите команду из меню
2021-11-17;320009669;Првиет, sosluev, Виберите команду из меню
2021-11-17;320009669;/start
2021-11-17;320009669;Првиет, sosluev, Виберите команду из меню
2021-11-17;320009669;Првиет, sosluev, Виберите команду из меню
2021-11-17;320009669;Првиет, sosluev, Виберите команду из меню
2021-11-17;320009669;Првиет, sosluev, Виберите команду из меню
2021-11-17;320009669;sosluev, Виберіть локацію зі списку по якій потрібна інформація
2021-11-17;320009669;sosluev, Виберіть локацію зі списку по якій потрібна інформація
2021-11-17;320009669;/start
2021-11-17;320009669;Првиет, sosluev, Виберите команду из меню
2021-11-17;320009669;Првиет, sosluev, Виберите команду из меню
2021-11-17;320009669;Првиет, sosluev, Виберите команду из меню
2021-11-17;320009669;sosluev, Виберіть локацію зі списку по якій потрібна інформація
2021-11-17;320009669;Првиет, sosluev, Виберите команду из меню
2021-11-17;320009669;Првиет, sosluev, Виберите команду из меню
2021-11-17;320009669;Првиет, sosluev, Виберите команду из меню
2021-11-17;320009669;Првиет, sosluev, Виберите команду из меню
2021-11-17;320009669;Првиет, sosluev, Виберите команду из меню
2021-11-17;320009669;Првиет, sosluev, Виберите команду из меню
2021-11-17;320009669;Првиет, sosluev, Виберите команду из меню
2021-11-17;320009669;/start
2021-11-17;320009669;Првиет, sosluev, Виберите команду из меню
2021-11-17;320009669;Првиет, sosluev, Виберите команду из меню
2021-11-17;320009669;sosluev, Виберіть локацію зі списку по якій потрібна інформація
2021-11-17;320009669;sosluev, Виберіть країну зі списку по якій потрібна інформація
2021-11-17;320009669;Првиет, sosluev, Виберите команду из меню
2021-11-17;320009669;/countryLocation
2021-11-17;320009669;/helpcovid
2021-11-17;320009669;/statistics
2021-11-17;320009669;/statistics
2021-11-17;320009669;sosluev, Виберіть локацію зі списку по якій потрібна інформація
2021-11-17;320009669;Првиет, sosluev, Виберите команду из меню
2021-11-17;320009669;sosluev, Виберіть локацію зі списку по якій потрібна інформація
2021-11-17;320009669;sosluev, Виберіть країну зі списку по якій потрібна інформація
2021-11-17;320009669;sosluev, Виберіть локацію зі списку по якій потрібна інформація
2021-11-17;320009669;sosluev, Виберіть країну Африки зі списку по якій потрібна інформація
2021-11-17;320009669;Првиет, sosluev, Виберите команду из меню
2021-11-17;320009669;Првиет, sosluev, Виберите команду из меню
2021-11-17;320009669;/contacts
2021-11-17;320009669;/contacts
2021-11-17;320009669;Првиет, sosluev, Виберите команду из меню
2021-11-17;320009669;Првиет, sosluev, Виберите команду из меню
2021-11-17;320009669;Првиет, sosluev, Виберите команду из меню
2021-11-17;320009669;Првиет, sosluev, Виберите команду из меню
2021-11-17;1008076533;asya2601_01, Виберіть країну зі списку по якій потрібна інформація
2021-11-17;1008076533;asya2601_01, Виберіть країну зі списку по якій потрібна інформація
2021-11-17;1008076533;asya2601_01, Виберіть країну зі списку по якій потрібна інформація
2021-11-17;1008076533;asya2601_01, Виберіть локацію зі списку по якій потрібна інформація
2021-11-17;1008076533;asya2601_01, Виберіть країну Европи зі списку по якій потрібна інформація
2021-11-17;1008076533;asya2601_01, Виберіть країну Европи зі списку по якій потрібна інформація
2021-11-17;1008076533;asya2601_01, Виберіть країну Европи зі списку по якій потрібна інформація
2021-11-17;625147248;
2021-11-17;625147248;/start
2021-11-17;625147248;Првиет, None, Виберите команду из меню
2021-11-17;625147248;Првиет, None, Виберите команду из меню
2021-11-17;625147248;None, Виберіть локацію зі списку по якій потрібна інформація
2021-11-17;625147248;None, Виберіть країну зі списку по якій потрібна інформація
2021-11-17;625147248;None, Виберіть країну зі списку по якій потрібна інформація
2021-11-17;625147248;None, Виберіть країну зі списку по якій потрібна інформація
2021-11-17;625147248;None, Виберіть країну зі списку по якій потрібна інформація
2021-11-17;625147248;None, Виберіть країну зі списку по якій потрібна інформація
2021-11-17;625147248;None, Виберіть локацію зі списку по якій потрібна інформація
2021-11-17;625147248;None, Виберіть країну Америки зі списку по якій потрібна інформація
2021-11-17;625147248;None, Виберіть країну Америки зі списку по якій потрібна інформація
2021-11-17;625147248;Првиет, None, Виберите команду из меню
2021-11-17;625147248;Првиет, None, Виберите команду из меню
2021-11-17;625147248;Првиет, None, Виберите команду из меню
2021-11-17;625147248;None, Виберіть локацію зі списку по якій потрібна інформація
2021-11-17;625147248;None, Виберіть країну Европи зі списку по якій потрібна інформація
2021-11-17;625147248;None, Виберіть країну Европи зі списку по якій потрібна інформація
2021-11-17;625147248;None, Виберіть країну Европи зі списку по якій потрібна інформація
2021-11-17;625147248;None, Виберіть країну Европи зі списку по якій потрібна інформація
2021-11-17;625147248;None, Виберіть країну Европи зі списку по якій потрібна інформація
2021-11-17;625147248;None, Виберіть країну Европи зі списку по якій потрібна інформація
2021-11-17;625147248;None, Виберіть країну Европи зі списку по якій потрібна інформація
2021-11-17;625147248;None, Виберіть країну Европи зі списку по якій потрібна інформація
2021-11-17;625147248;None, Виберіть країну Европи зі списку по якій потрібна інформація
2021-11-17;625147248;None, Виберіть країну Европи зі списку по якій потрібна інформація
2021-11-17;625147248;None, Виберіть країну Европи зі списку по якій потрібна інформація
2021-11-17;625147248;None, Виберіть країну Европи зі списку по якій потрібна інформація
2021-11-17;625147248;None, Виберіть країну Европи зі списку по якій потрібна інформація
2021-11-17;625147248;None, Виберіть країну Европи зі списку по якій потрібна інформація
2021-11-17;625147248;None, Виберіть країну Европи зі списку по якій потрібна інформація
2021-11-17;625147248;None, Виберіть країну Европи зі списку по якій потрібна інформація
2021-11-17;625147248;None, Виберіть країну Европи зі списку по якій потрібна інформація
2021-11-17;625147248;None, Виберіть країну Европи зі списку по якій потрібна інформація
2021-11-17;625147248;None, Виберіть країну Европи зі списку по якій потрібна інформація
2021-11-17;625147248;None, Виберіть країну Европи зі списку по якій потрібна інформація
2021-11-17;625147248;None, Виберіть країну Европи зі списку по якій потрібна інформація
2021-11-17;625147248;None, Виберіть локацію зі списку по якій потрібна інформація
2021-11-17;625147248;Првиет, None, Виберите команду из меню
2021-11-17;320009669;Првиет, sosluev, Виберите команду из меню
2021-11-17;320009669;Првиет, sosluev, Виберите команду из меню
2021-11-17;319226474;/start
2021-11-17;319226474;Првиет, koteenka, Виберите команду из меню
2021-11-17;319226474;Првиет, koteenka, Виберите команду из меню
2021-11-17;319226474;Првиет, koteenka, Виберите команду из меню
2021-11-17;320009669;Првиет, sosluev, Виберите команду из меню
2021-11-17;319226474;koteenka, Виберіть локацію зі списку по якій потрібна інформація
2021-11-17;320009669;Првиет, sosluev, Виберите команду из меню
2021-11-17;320009669;sosluev, Виберіть локацію зі списку по якій потрібна інформація
2021-11-17;320009669;sosluev, Виберіть локацію зі списку по якій потрібна інформація
2021-11-17;320009669;sosluev, Виберіть країну Европи зі списку по якій потрібна інформація
2021-11-17;320009669;sosluev, Виберіть країну Европи зі списку по якій потрібна інформація
2021-11-17;319226474;koteenka, Виберіть країну Европи зі списку по якій потрібна інформація
2021-11-17;320009669;sosluev, Виберіть країну Европи зі списку по якій потрібна інформація
2021-11-17;320009669;Првиет, sosluev, Виберите команду из меню
2021-11-17;320009669;sosluev, Виберіть країну Европи зі списку по якій потрібна інформація
2021-11-17;320009669;Првиет, sosluev, Виберите команду из меню
2021-11-17;320009669;Првиет, sosluev, Виберите команду из меню
2021-11-17;320009669;sosluev, Виберіть країну Европи зі списку по якій потрібна інформація
2021-11-17;320009669;sosluev, Виберіть країну Европи зі списку по якій потрібна інформація
2021-11-17;320009669;sosluev, Виберіть локацію зі списку по якій потрібна інформація
2021-11-17;320009669;sosluev, Виберіть країну Азії зі списку по якій потрібна інформація
2021-11-17;320009669;sosluev, Виберіть країну Азії зі списку по якій потрібна інформація
2021-11-17;320009669;sosluev, Виберіть країну Азії зі списку по якій потрібна інформація
2021-11-17;320009669;sosluev, Виберіть країну Европи зі списку по якій потрібна інформація
2021-11-17;1665191969;/start
2021-11-17;1665191969;Првиет, None, Виберите команду из меню
2021-11-17;1665191969;Првиет, None, Виберите команду из меню
2021-11-17;1665191969;None, Виберіть локацію зі списку по якій потрібна інформація
2021-11-17;1665191969;None, Виберіть країну Европи зі списку по якій потрібна інформація
2021-11-17;878255462;None, Виберіть країну Африки зі списку по якій потрібна інформація
2021-11-17;878255462;None, Виберіть країну Африки зі списку по якій потрібна інформація
2021-11-17;320009669;/start
2021-11-17;320009669;Првиет, sosluev, Виберите команду из меню
2021-11-17;320009669;Првиет, sosluev, Виберите команду из меню
2021-11-17;320009669;Првиет, sosluev, Виберите команду из меню
2021-11-18;320009669;Првиет, sosluev, Виберите команду из меню
2021-11-18;320009669;/start
2021-11-18;320009669;Првиет, sosluev, Виберите команду из меню
2021-11-18;320009669;Првиет, sosluev, Виберите команду из меню
2021-11-18;320009669;sosluev, Виберіть локацію зі списку по якій потрібна інформація
2021-11-18;320009669;sosluev, Виберіть країну Азії зі списку по якій потрібна інформація
2021-11-18;320009669;Првиет, sosluev, Виберите команду из меню
2021-11-18;320009669;sosluev, Виберіть країну Азії зі списку по якій потрібна інформація
2021-11-18;320009669;sosluev, Виберіть локацію зі списку по якій потрібна інформація
2021-11-18;320009669;sosluev, Виберіть країну Африки зі списку по якій потрібна інформація
2021-11-18;320009669;Првиет, sosluev, Виберите команду из меню
2021-11-18;320009669;/start
2021-11-18;320009669;Првиет, sosluev, Виберите команду из меню
2021-11-18;320009669;Првиет, sosluev, Виберите команду из меню
2021-11-18;320009669;/start
2021-11-18;320009669;Првиет, sosluev, Виберите команду из меню
2021-11-18;320009669;Првиет, sosluev, Виберите команду из меню
2021-11-18;320009669;sosluev, Виберіть локацію зі списку по якій потрібна інформація
2021-11-18;320009669;sosluev, Виберіть країну Америки зі списку по якій потрібна інформація
2021-11-18;320009669;sosluev, Виберіть локацію зі списку по якій потрібна інформація
2021-11-18;320009669;sosluev, Виберіть країну Европи зі списку по якій потрібна інформація
2021-11-18;320009669;Првиет, sosluev, Виберите команду из меню
2021-11-18;320009669;/start
2021-11-18;320009669;Првиет, sosluev, Виберите команду из меню
2021-11-18;320009669;Првиет, sosluev, Виберите команду из меню
2021-11-18;1741330438;/start
2021-11-18;1741330438;Првиет, NancyNen, Виберите команду из меню
2021-11-18;1741330438;
2021-11-18;320009669;Првиет, sosluev, Виберите команду из меню
2021-11-18;320009669;Првиет, sosluev, Виберите команду из меню
2021-11-18;320009669;sosluev, Виберіть локацію зі списку по якій потрібна інформація
2021-11-18;320009669;sosluev, Виберіть країну Африки зі списку по якій потрібна інформація
2021-11-18;320009669;Првиет, sosluev, Виберите команду из меню
2021-11-18;320009669;Првиет, sosluev, Виберите команду из меню
2021-11-18;320009669;Првиет, sosluev, Виберите команду из меню
2021-11-19;320009669;Првиет, sosluev, Виберите команду из меню
2021-11-19;1008076533;asya2601_01, Виберіть країну Европи зі списку по якій потрібна інформація
2021-11-19;320009669;Првиет, sosluev, Виберите команду из меню
2021-11-19;320009669;Првиет, sosluev, Виберите команду из меню
2021-11-19;320009669;Првиет, sosluev, Виберите команду из меню
2021-11-19;320009669;sosluev, Виберіть країну Африки зі списку по якій потрібна інформація
2021-11-19;320009669;Првиет, sosluev, Виберите команду из меню
2021-11-19;2087817328;None, Виберіть країну Европи зі списку по якій потрібна інформація
2021-11-19;2087817328;None, Виберіть країну Европи зі списку по якій потрібна інформація
2021-11-19;320009669;
2021-11-19;320009669;/start
2021-11-20;320009669;/start
2021-11-20;320009669;Првиет, sosluev, Виберите команду из меню
2021-11-20;320009669;sosluev, Виберіть локацію зі списку по якій потрібна інформація
2021-11-20;320009669;sosluev, Виберіть країну зі списку по якій потрібна інформація
2021-11-20;320009669;sosluev, Виберіть країну зі списку по якій потрібна інформація
2021-11-20;320009669;Првиет, sosluev, Виберите команду из меню
2021-11-20;2087817328;None, Виберіть країну Европи зі списку по якій потрібна інформація
2021-11-20;2087817328;None, Виберіть країну Европи зі списку по якій потрібна інформація
2021-11-20;2087817328;None, Виберіть країну Европи зі списку по якій потрібна інформація
2021-11-20;2087817328;Првиет, None, Виберите команду из меню
2021-11-20;427545520;/start
2021-11-20;427545520;Првиет, AngelinkaShkoda, Виберите команду из меню
2021-11-20;427545520;AngelinkaShkoda, Виберіть локацію зі списку по якій потрібна інформація
2021-11-20;427545520;AngelinkaShkoda, Виберіть країну Африки зі списку по якій потрібна інформація
2021-11-20;427545520;AngelinkaShkoda, Виберіть локацію зі списку по якій потрібна інформація
2021-11-20;427545520;AngelinkaShkoda, Виберіть країну Европи зі списку по якій потрібна інформація
2021-11-20;427545520;Првиет, AngelinkaShkoda, Виберите команду из меню
2021-11-20;427545520;/country
2021-11-20;320009669;sosluev, Виберіть локацію зі списку по якій потрібна інформація
2021-11-20;320009669;sosluev, Виберите команду из меню
2021-11-20;320009669;sosluev, Виберите команду из меню
2021-11-20;320009669;sosluev, Виберите команду из меню
2021-11-20;320009669;
2021-11-21;320009669;sosluev, Виберите команду из меню
2021-11-21;320009669;sosluev, Виберите команду из меню
2021-11-21;320009669;sosluev, Виберите команду из меню
2021-11-22;2087817328;Првиет, None, Виберите команду из меню
2021-11-23;320009669;sosluev, Виберите команду из меню
2021-11-23;320009669;/start
2021-11-23;320009669;Првиет, sosluev, Виберите команду из меню
2021-11-23;320009669;sosluev, Виберіть локацію зі списку по якій потрібна інформація
2021-11-23;320009669;sosluev, Виберіть країну Европи зі списку по якій потрібна інформація
2021-11-23;320009669;sosluev, Виберіть країну Европи зі списку по якій потрібна інформація
2021-11-24;320009669;Првиет, sosluev, Виберите команду из меню
2021-11-24;2087817328;None, Виберіть країну Европи зі списку по якій потрібна інформація
2021-11-24;2087817328;None, Виберіть країну Европи зі списку по якій потрібна інформація
2021-11-24;320009669;sosluev, Виберите команду из меню
2021-11-24;320009669;Првиет, sosluev, Виберите команду из меню
2021-11-26;320009669;Првиет, sosluev, Виберите команду из меню
2021-11-28;320009669;Првиет, sosluev, Виберите команду из меню
2021-11-28;626563095;/start
2021-11-28;320009669;Првиет, sosluev, Виберите команду из меню
2021-11-28;626563095;Првиет, Pufffikk, Виберите команду из меню
2021-11-28;626563095;/contacts
2021-11-28;626563095;/statistics
2021-11-29;320009669;sosluev, Виберіть країну Европи зі списку по якій потрібна інформація
2021-11-29;320009669;sosluev, Виберіть локацію зі списку по якій потрібна інформація
2021-11-29;320009669;sosluev, Виберите команду из меню
2021-11-29;320009669;/start
2021-11-29;320009669;Првиет, sosluev, Виберите команду из меню
2021-11-29;320009669;/start
2021-11-29;320009669;/start
2021-11-29;320009669;Првиет, sosluev, Виберите команду из меню
2021-11-29;320009669;Првиет, sosluev, Виберите команду из меню
2021-11-29;320009669;sosluev, Виберите команду из меню
2021-11-29;320009669;/start
2021-11-29;320009669;/start
2021-11-29;320009669;/start
2021-11-29;320009669;Првиет, sosluev, Виберите команду из меню
2021-11-29;320009669;sosluev, Виберите команду из меню
2021-11-29;320009669;Првиет, sosluev, Виберите команду из меню
2021-11-29;320009669;/start
2021-11-29;320009669;Првиет, sosluev, Виберите команду из меню
2021-11-29;320009669;/start
2021-11-29;320009669;Првиет, sosluev, Виберите команду из меню
2021-11-29;320009669;Првиет, sosluev, Виберите команду из меню
2021-11-29;320009669;/start
2021-11-29;320009669;/start
2021-11-29;320009669;Првиет, sosluev, Виберите команду из меню
2021-11-29;320009669;/start
2021-11-29;320009669;Првиет, sosluev, Виберите команду из меню
2021-11-29;320009669;/start
2021-11-29;320009669;Првиет, sosluev, Виберите команду из меню
2021-11-29;320009669;/start
2021-11-29;320009669;Првиет, sosluev, Виберите команду из меню
2021-11-29;320009669;/start
2021-11-29;320009669;Првиет, sosluev, Виберите команду из меню
2021-11-29;320009669;Првиет, sosluev, Виберите команду из меню
2021-11-29;320009669;Првиет, sosluev, Виберите команду из меню
2021-11-29;320009669;Првиет, sosluev, Виберите команду из меню
2021-11-29;320009669;Првиет, sosluev, Виберите команду из меню
2021-11-29;320009669;sosluev, Виберіть локацію зі списку по якій потрібна інформація
2021-11-29;320009669;sosluev, Виберіть країну зі списку по якій потрібна інформація
2021-11-29;320009669;sosluev, Виберіть країну зі списку по якій потрібна інформація
2021-11-29;320009669;sosluev, Виберите команду из меню
2021-11-29;320009669;Првиет, sosluev, Виберите команду из меню
2021-11-29;320009669;Првиет, sosluev, Виберите команду из меню
2021-11-29;320009669;Првиет, sosluev, Виберите команду из меню
2021-11-29;320009669;Првиет, sosluev, Виберите команду из меню
2021-11-29;320009669;Првиет, sosluev, Виберите команду из меню
2021-11-30;320009669;Првиет, sosluev, Виберите команду из меню
2021-11-30;320009669;Првиет, sosluev, Виберите команду из меню
2021-11-30;320009669;Првиет, sosluev, Виберите команду из меню
2021-11-30;320009669;Првиет, sosluev, Виберите команду из меню
2021-11-30;320009669;Првиет, sosluev, Виберите команду из меню
2021-11-30;320009669;/start
2021-11-30;320009669;Првиет, sosluev, Виберите команду из меню
2021-11-30;320009669;Првиет, sosluev, Виберите команду из меню
2021-11-30;320009669;Првиет, sosluev, Виберите команду из меню
2021-11-30;320009669;/start
2021-11-30;320009669;Првиет, sosluev, Виберите команду из меню
2021-11-30;320009669;Првиет, sosluev, Виберите команду из меню
2021-11-30;320009669;Првиет, sosluev, Виберите команду из меню
2021-12-01;609600979;/start
2021-12-01;609600979;Првиет, ksundelj, Виберите команду из меню
2021-12-01;609600979;Првиет, ksundelj, Виберите команду из меню
2021-12-01;609600979;Првиет, ksundelj, Виберите команду из меню
2021-12-01;609600979;ksundelj, Виберите команду из меню
2021-12-01;609600979;Првиет, ksundelj, Виберите команду из меню
2021-12-01;609600979;Првиет, ksundelj, Виберите команду из меню
2021-12-01;609600979;Првиет, ksundelj, Виберите команду из меню
2021-12-01;609600979;Првиет, ksundelj, Виберите команду из меню
2021-12-01;609600979;Првиет, ksundelj, Виберите команду из меню
2021-12-01;609600979;Првиет, ksundelj, Виберите команду из меню
2021-12-01;609600979;/country
2021-12-01;609600979;Украина
2021-12-01;609600979;Ukraine
2021-12-01;609600979;ksundelj, Виберіть локацію зі списку по якій потрібна інформація
2021-12-01;609600979;ksundelj, Виберіть країну зі списку по якій потрібна інформація
2021-12-01;609600979;ksundelj, Виберіть локацію зі списку по якій потрібна інформація
2021-12-01;320009669;Првиет, sosluev, Виберите команду из меню
2021-12-03;320009669;Првиет, sosluev, Виберите команду из меню
2021-12-03;320009669;Првиет, sosluev, Виберите команду из меню
2021-12-03;320009669;/start
2021-12-03;320009669;Првиет, sosluev, Виберите команду из меню
2021-12-03;320009669;/start
2021-12-03;320009669;/start
2021-12-03;320009669;/start
2021-12-08;320009669;/start
2021-12-08;320009669;Првиет, sosluev, Виберите команду из меню
2021-12-08;320009669;sosluev, Виберіть локацію зі списку по якій потрібна інформація
2021-12-08;320009669;sosluev, Виберіть локацію зі списку по якій потрібна інформація
2021-12-08;320009669;sosluev, Виберите команду из меню
2021-12-08;320009669;/start
2021-12-08;320009669;/start
2021-12-08;320009669;/start
2021-12-08;320009669;/start
2021-12-08;320009669;/start
2021-12-08;320009669;Привіт, sosluev, Виберіть команду з меню
2021-12-08;320009669;/start
2021-12-08;320009669;Привіт, sosluev, Виберіть команду з меню
2021-12-08;320009669;Привіт, sosluev, Виберіть команду з меню
2021-12-08;320009669;sosluev, Виберіть локацію зі списку по якій потрібна інформація
2021-12-08;320009669;/start
2021-12-08;320009669;Привіт, sosluev, Виберіть команду з меню
2021-12-08;320009669;/start
2021-12-08;320009669;/start
2021-12-08;320009669;/start
2021-12-08;320009669;/start
2021-12-08;320009669;Привіт, sosluev, Виберіть команду з меню
2021-12-08;518332645;/start
2021-12-08;518332645;Привіт, Hamster3007, Виберіть команду з меню
2021-12-08;320009669;/start
2021-12-09;320009669;sosluev, Виберіть команду з меню
2021-12-09;320009669;sosluev, Виберіть команду з меню
2021-12-09;320009669;sosluev, Виберіть локацію зі списку по якій потрібна інформація
2021-12-09;320009669;sosluev, Виберіть країну зі списку по якій потрібна інформація
2021-12-09;320009669;sosluev, Виберіть країну зі списку по якій потрібна інформація
2021-12-09;320009669;sosluev, Виберіть країну зі списку по якій потрібна інформація
2021-12-17;320009669;Привіт, sosluev, Виберіть команду з меню
2021-12-17;320009669;sosluev, Виберіть команду з меню
2021-12-17;320009669;sosluev, Виберіть команду з меню
2021-12-17;320009669;sosluev, Виберіть команду з меню
2021-12-17;320009669;sosluev, Виберіть команду з меню
2021-12-17;320009669;sosluev, Виберіть команду з меню
2021-12-19;320009669;sosluev, Виберіть команду з меню
2021-12-19;320009669;Привіт, sosluev, Виберіть команду з меню
2021-12-19;320009669;Привіт, sosluev, Виберіть команду з меню
2021-12-19;320009669;Привіт, sosluev, Виберіть команду з меню
